date,text,Pump,Exchange,Coin,Notes,photo
2018-06-28T10:52:04,,,,,,
2018-06-28T10:54:48,"저희는 도움이되는 시그널을 드릴예정입니다. 

곧 강력한 동맹 관계가 형성 될 것입니다.
게다가, 신호는 매우 강력하고 모두에게 좋습니다.",,,,,
2018-06-28T19:28:59,"[{'type': 'bold', 'text': 'Bitcoin Analysis'}, '\n\n변동폭이 정말 극단적으로 작아지고 있습니다. 시간종가가 6090~6120달러의 30달러 범위 내에서 계속 형성되고 있습니다.\n이런 상황에서는 마진세력을 포함하여 어떤 세력도 수익을 내기 어렵고, 수렴패턴의 끝에도 점점 가까워지고 있기 때문에 오래 지속되지는 않을 것으로 보고 있습니다.']",,,,,
2018-06-28T19:36:37,"빗썸에 상장된 에토스 토인
(현재가 1320원) 2500원까지 이번주내로 펌핑될 가능성 큽니다.",,,,,
2018-06-29T04:49:10,"[{'type': 'bold', 'text': 'BTC/USD'}, '\n\nTechnical Analysis:\n\n- 주간 차트에서 5500 - 5800 주변의 축적 영역 및 강력한 지원으로 돌아갑니다.\n- Stoch RSI는 과매도입니다.\n- 대칭 삼각형 (패턴)\n \n수렴패턴 하단이탈 후 큰 폭으로 하락이 발생 중에 있습니다. \n이전 지지해주었던 자리인 5.8k 부근 (최저점 5755달러)을 지켜주는지를 먼저 지켜보아야합니다.\n신규진입은 쌍바닥 자리를 지켜주지 못하고 저점을 갱신하면 다시 상승지표들이 등장할 때까지 미뤄지게 됩니다.']",,,,,
2018-06-29T04:50:01,BTC/USD W1,,,,,photos/photo_1@29-06-2018_05-50-01.jpg
2018-06-29T06:02:16,"[{'type': 'bold', 'text': 'DMT\n\n'}, 'BUY / 매수 2650 - 2700 사토시\nSELL / 매도 3000 - 3300 - 3650\n\nSL : 0.00002400']",,,,,
2018-06-29T10:39:43,"[{'type': 'bold', 'text': 'XEL\n\n'}, 'BUY / 매수 2000 - 2100 사토시\nSELL / 매도 2450 - 2600 - 2850 ++\n\nSL : 0.00001800']",,,,,
2018-06-29T19:26:08,"['Tether사가 어제 제기되었던 tether이중 지불 사태에 대해 그것은 테더 자체의 문제가 아닌 특정 거래소들의 로직 구현에서의 오류라고 공식적으로 밝혔습니다.\n\n아래는 해명을 위한 깃업 링크입니다.\n\n', {'type': 'link', 'text': 'https://github.com/OmniLayer/omnicore/wiki/Integrate-Omni-Core-to-receive-payments'}, '']",,,,,
2018-06-30T05:28:06,BTC 시험 내성. 작은 수정이있을 것입니다.,,,,,photos/photo_2@30-06-2018_06-28-06.jpg
2018-06-30T06:55:29,"[{'type': 'bold', 'text': 'NGC'}, '\n\nBUY / 매수4500 - 4600 사토시 \n\n', {'type': 'bold', 'text': 'SHIFT'}, '\n\nBUY / 매수 15000 - 15500\n\n=> Open target!']",,,,,
2018-07-01T05:09:41,행복한 주말!,,,,,
2018-07-01T08:43:43,"[{'type': 'bold', 'text': 'NGC'}, ' 정확히 매수구간에 도달 후 42% 수익\n', {'type': 'bold', 'text': 'SHIFT'}, ' 정확히 매수구간에 도달 후 15% 수익\n\nCongratulation to everyone.']",,,,,
2018-07-01T08:48:43,NGC,,,,,photos/photo_3@01-07-2018_09-48-43.jpg
2018-07-01T08:50:42,SHIFT,,,,,photos/photo_4@01-07-2018_09-50-42.jpg
2018-07-01T09:44:44,"[{'type': 'bold', 'text': 'SPHR'}, '\n\nBUY / 매수 12296 - 13200\nSELL / 매도 14296 - 16000+++\n\n=> Open target!']",,,,,
2018-07-01T10:07:54,"30 % 빨리 이익.  우리는 항상 최선을 다할 것을 약속드립니다.

Congratulation to everyone.",,,,,
2018-07-01T15:57:25,"['85,947BTC가 한 지갑에서 출금 되었습니다.\n\n', {'type': 'link', 'text': 'https://www.blockchain.com/ko/btc/address/1KAt6STtisWMMVo5XGdos9P7DBNNsFfjx7'}, '']",,,,,photos/photo_5@01-07-2018_16-57-25.jpg
2018-07-01T18:10:10,"비트코인 대량이체로 인해 하락에 대한 불안감이 퍼지고 있습니다만, 밝혀진 것은 그저 지갑에서 비트코인을 이동시켰다 라는 정보 뿐입니다.
저희는 미리 분석을 해둔만큼 FUD에 좌우되실 필요가 없습니다. 

하락이 발생한 위치는 급등 후 횡보 중이었으며 하락추세선 도달로 조정이 충분히 발생할 수 있는 자리였습니다.
이 조정이 예측한 지지레벨에서 지지받고 다시 올라와주는가가 중요한 부분이 되겠습니다.",,,,,
2018-07-02T07:01:28,"['국내 뉴스에 따르면 유럽 여행후 남은 유로화가 처치 곤란하다면 원화로 환전하는 대신 가상화폐를 직접 살 수있는 ATM 기기가 설치 되었습니다. 유럽에서 슬슬 전자화폐를 화폐로 인정하는 분위기  입니다. \n', {'type': 'link', 'text': 'http://m.news.naver.com/read.nhn?mode=LSD&sid1=001&oid=001&aid=0010180307'}, '\n\nCoinbase는 SEC 통제 된 중개인 상인이 될 것입니다\n', {'type': 'link', 'text': 'https://blog.coinbase.com/our-path-to-listing-sec-regulated-crypto-securities-a1724e13bb5a'}, '']",,,,,
2018-07-02T10:44:50,이더리움은 현재 저항선 아래에 있습니다. 이평선을 넘기기 힘들어보이며 현재 똑같은  구간을 보고있습니다.,,,,,photos/photo_6@02-07-2018_11-44-50.jpg
2018-07-02T16:05:12,"['Coinbase 양육권은 사업을 위해 공식적으로 열려 있습니다\n\n', {'type': 'link', 'text': 'https://blog.coinbase.com/coinbase-custody-is-officially-open-for-business-182c297d65d9'}, '']",,,,,
2018-07-02T16:36:00,"$6800 부터 이어지는 저항은 강력합니다.
알트코인에 대한 트레이딩은 $6800 돌파가 나온다면 그때부터 안정적인 트레이딩 가능하다 보시면됩니다.",,,,,photos/photo_7@02-07-2018_17-36-00.jpg
2018-07-02T17:06:06,"[{'type': 'bold', 'text': 'XRP'}, ' - LONG 포지션을 오픈하세요\n\n리플 상당히 매력적인 매수 구간으로 보입니다. 조정의 끝자락이며 분석 결과 리플을 선택하기로 결정하였습니다.\n\n우리는 0.00007250 - 0.00007350 구간에 5배 레버리지로 LONG 진입을 하였습니다.\n\n📈 0.00007640 에서 청산 수익실현 해주세요\n📈 0.00007811 에서 청산 수익실현 해주세요\n📈 0.00008000 에서 청산 수익실현 해주세요\n\nSTOP-LOSS: 0.00007050\n\n', {'type': 'link', 'text': 'https://www.bitmex.com/app/trade/XRPU18'}, '']",,,,,
2018-07-03T07:49:31,"[{'type': 'hashtag', 'text': '#XRP'}, ' 모든 타겟이 달성되었습니다.\n롱 청산하시어 수익실현 바랍니다']",,,,,
2018-07-03T08:53:42,"[{'type': 'bold', 'text': 'BTC'}, ' - SHORT 포지션을 오픈하세요 - X15 leverage \n\n위험을 최소화하기 위해 짧은 STOP-LOSS로 SHORT BTC로갑니다.\n우리는 $6650 - 6880 구간에 15배 레버리지로 SHORT 진입을 하였습니다.\n\n📈 $6420 에서 청산 수익실현 해주세요\n📈 $6330 에서 청산 수익실현 해주세요\n📈 $6120 에서 청산 수익실현 해주세요\n\nStop Loss: $ 6910 \n\nNote: 15 % 이하 보증금 \n\n', {'type': 'link', 'text': 'https://www.bitmex.com/app/trade/XBTU18'}, '']",,,,,
2018-07-03T13:35:38,"비트코인 업데이트:
예상한대로 숏 포지션 진입한 대로 하락 및 수익중입니다",,,,,photos/photo_8@03-07-2018_14-35-38.jpg
2018-07-03T13:39:28,"구독자 여러분 저희가 알트코인 픽을 내지 않는 이유는 BTC 하락으로 인한 알트코인 덤핑때문입니다.

그리고 텔레그램 FOMO들에 절대 눈 멀지 마시길 바랍니다 

자, 다음 몇시간동안 어떤 일들이
일어나는지 지켜보시길 바랍니다
재밌는 일이 벌어질거라고 생각합니다",,,,,
2018-07-04T05:30:55,첫번째 타겟이 달성되었습니다. Nice profit for SHORT! ☺️,,,,,
2018-07-04T15:17:20,62% 수익입니다. 축하드립니다.,,,,,
2018-07-05T08:46:17,"[{'type': 'bold', 'text': 'ENG'}, ' \n\nBUY / 매수  23700 - 24000\nSELL / 매도 26000 - 28200 - 30700 ++\nStop-loss : 19800']",,,,,
2018-07-05T09:15:04,"펌프가 아니라 장기투자 추천이기에 한번에 다 들어가는게 아니라 나눠서 매수하신다면 평균매수단가를 낮출 수 있습니다. 또한 리스크관리를 위해 분산투자를 하셔야합니다.

현재 비트가 언제든 조정이 올수있는 구간이니 너무 큰 비중 넣지마시고 스탑로스 지켜주세요.",,,,,
2018-07-05T09:19:13,"['리스크 관리는 코인 매매의 기본 조건입니다.\n리스크 관리가 없는 매매는 도박일뿐입니다.\n몇몇 보조지표만큼 섹시하진 않지만 무엇보다도 더 중요합니다. \n\n', {'type': 'mention', 'text': '@crownsignal'}, '']",,,,,
2018-07-06T04:36:03,"[{'type': 'bold', 'text': 'EXP'}, '\n\n매수 : 12900 - 13100 \n매도 : 14900 - 16700 - 19000 ++ \n스탑로스 : 11500\n\n소액으로 분할 매수해주세요.']",,,,,
2018-07-06T06:51:54,"[{'type': 'bold', 'text': 'FOR THE MARKET SITUATION'}, ' - 단순한 현 마켓에 대한 시뮬레이션입니다.\n\n\n세가지 시나리오가 가능합니다 :\n\n저와 같은 마진 투자자로써 매매구간은 아닙니다. 그저 마켓을 지켜보고 있는 중입니다.\n\n알트코인 매매하시는 분들은 세가지 선택지가 있습니다. 맞는 방법을 찾아내기란 정말 어려운 일이지만 만약 성공해 내신다면 훌륭한 결과를 보실수 있을거라 생각합니다.\n\n제 추천:\n\n알트코인 홀더분들 : 잡코인들 경우에는 상승장까지 홀딩하시는걸 추천합니다.\n\n현금 홀더분들: 비코 6300대 까지 기다리거나 6800의 강하게 돌파해 냈을때 매수에 들어가도록 하겠습니다.\n\n비트코인 홀더분들: 장의 반전 사인이 나올때까지 홀딩합니다. 지금 당장 많은 양의 알트를 사지는 않을것입니다.\n\n이것은 경제적 자문이 아닙니다. 직접 조사해보시는것을 권해드립니다.']",,,,,
2018-07-06T20:03:28,"['강력한 시그널 : 엔엑스티 ', {'type': 'bold', 'text': 'NXT'}, '\n\n매수 : 1450 - 1500 사토시\n매도 : 1620  - 1778 - 1980 - 2162 ++ \n스탑로스 : 1240\n\n좋은 저점. 구입하여 보관하십시오.']",,,,,
2018-07-08T06:46:05,"[{'type': 'bold', 'text': 'EXCL'}, '\n\n아래 구매: 6850\n 팔다: 7700 - 8400 - 9000 \nStop-loss : 6200\n\n많이 눌려있는 모습입니다. 성장 가능.']",,,,,
2018-07-08T07:05:25,"이전의 모든 시그널을 통틀어서 : 이니그마 (ENG) - 익스펜스(EXP) - 엔엑스티 (NXT) 

펌프가 아니라 장기투자 추천이기에 한번에 다 들어가는게 아니라 나눠서 매수하신다면 평균매수단가를 낮출 수 있습니다. 또한 리스크관리를 위해 분산투자를 하셔야합니다.

비트코인이 신고가를 또 갱신하면서 알트코인들의 상승여력이 제한되고 있습니다. 조금 비싼 가격에서 매수하셨다고 하더라도 펀더멘털이 튼튼한 코인들이기 때문에 궁극적으로 상승을 예상하며 장기 홀드를 추천합니다. 저희는 해당 코인들이 이전의 모든 시그널들을 비교하더라도 다음주 내로 가장 큰 상승을 이룰 것이라 확신합니다.

Our buy recommendations are medium to long term hold. As such, you should buy in lots to take advantage of dollar cost averaging to lower ur average buy price. It is also critical to diversify into different coins for risk management purposes.",,,,,
2018-07-08T14:39:00,"EXP가 16002 에 도달하였습니다.

24% 수익입니다. 축하드립니다.",,,,,
2018-07-08T16:11:57,"[{'type': 'bold', 'text': 'WPR'}, ' (Binance)\n\n매수 : 680 - 695 사토시\n매도 : 760  - 803 - 864 - 942 ++ \n스탑로스 : 560 \n\n이번 달에 저는 $ WPR에 대해서 다룰겁니다. 일봉 마감이후 전체적으로 차트를 업데이트 할예정입니다.']",,,,,
2018-07-08T16:29:15,"WPR은 전기에 전기관련 토큰중 제가 가장 좋아하는 토큰입니다. 올해 1월부터 여느 다른 알트와 다를바 없이 하락을 맛보았던 토큰이기도 합니다.

WPR은 다음 몇달간 동안 구체적인 계획이 예정되어 있습니다. 그들이 예정한대로 영향을 끼칠지 지켜 보겠습니다.",,,,,photos/photo_9@08-07-2018_17-29-15.jpg
2018-07-08T16:35:09,참고 그래프,,,,,photos/photo_10@08-07-2018_17-35-09.jpg
2018-07-08T17:48:05,"[{'type': 'bold', 'text': 'ICX'}, ' (Binance)\n\n매수 : 2500 - 2580 사토시\n매도 :  2845 - 2980 - 3312 - 3500 ++ \nStop-loss : 2200\n\n아이콘 일봉차트 하강쇄기이후 상방돌파가 예상됩니다.']",,,,,
2018-07-09T07:19:20,"['우리는 ICX코인데 대한 내부 정보를 받았습니다.\nICX는 7월 대형 거래소에 상장될 예정입니다.\n\n조금 비싼 가격에서 매수하셨다고 하더라도 펀더멘털이 튼튼한 코인들이기 때문에 궁극적으로 상승을 예상하며 장기 홀드를 추천합니다. \n\nWe received information about the ', {'type': 'bold', 'text': 'ICX'}, ' Coin, which will be listed on one of the major exchange in July.']",,,,,
2018-07-09T07:45:28,"[{'type': 'bold', 'text': 'LRC'}, '\n\n아래 구매 4700 사토시\n매도 : 5200  - 5550 - 6100 - 6500 ++ \n스탑로스 : 4200\n\n소액으로 분할 매수해주세요.']",,,,,
2018-07-09T15:58:07,"LRC가 7140 에 도달하였습니다. 

거의 모든 타겟 달성하였습니다. 

축하드립니다.",,,,,
2018-07-10T05:07:48,비트코인은 현재 bearish rising wedge 그래프를 형성 하고 있습니다.또한 1일봉 차트에선 작은 bull flag를 보요주고 있습니다만 볼륨은 여전히 낮습니다. Storch RSI 차트에 의하면 일일차트 기준 과매수를 보여주고 있으며 6300~6400$ 부근까지 터치할 수 있급니다. 거래할 부근은 현재까지 찾기 힘듭니다.,,,,,photos/photo_11@10-07-2018_06-07-48.jpg
2018-07-10T05:07:56,계속해서 브리핑 하겠습니다!,,,,,
2018-07-10T05:57:56,말씀 드린대로 1시간봉 기준 bull flg 형성되어 있으며 상승이 6650부근 저항으로 방어되고 있는 상태이지만 현재 부근으로부터 7000$ 까지 도달하는 것이 예상됩니다.,,,,,photos/photo_12@10-07-2018_06-57-56.jpg
2018-07-10T14:09:20,👍🙈,,,,,photos/photo_13@10-07-2018_15-09-20.jpg
2018-07-10T14:30:50,"[{'type': 'bold', 'text': 'BTC'}, ' - LONG 포지션을 오픈하세요\n\n위험을 최소화하기 위해 짧은 STOP-LOSS로 LONG BTC로갑니다.\n우리는 6250 - 6370 구간에 15배 레버리지로 LONG진입을 하였습니다.\n\n목표:\n1. 6460 \n2. 6770\n3. 7200\n\nSTOP-LOSS: 0.00006000\n\n', {'type': 'link', 'text': 'https://www.bitmex.com/app/trade/XBTU18'}, '']",,,,,
2018-07-11T05:17:24,"['미드텀 - 롱텀\n\n', {'type': 'bold', 'text': 'LUN'}, ' \n\n아래 구매 0.00114 사토시\n매도 : 0.00125 - 132 - 141 - 152 - 166 -183\n스탑로스 : 0.0009934\n\n소액으로 분할 매수해주세요.']",,,,,
2018-07-11T08:12:12,"['미드텀 - 롱텀\n\n', {'type': 'bold', 'text': 'OCN'}, ' \n\n아래 구매  108 사토시\n매도 : 119 - 120 - 130 - 141 ++\n스탑로스 : 90\n\n소액으로 분할 매수해주세요.']",,,,,
2018-07-11T12:53:31,"['비트코인 ETF가 조만간 승인될 것이라는 루머가 있습니다. 또한 현재 SEC는 ETF 신청에 대한 코멘트를 받고있습니다.\n\n', {'type': 'link', 'text': 'https://www.sec.gov/comments/sr-cboebzx-2018-040/cboebzx2018040.htm'}, '']",,,,,
2018-07-11T16:54:41,현실적 블록체인 기술 적용 관련하여 흥미로운 정보를 입수 했습니다,,,,,photos/photo_14@11-07-2018_17-54-41.jpg
2018-07-12T04:22:57,"EXCL가 7751 에 도달하였습니다. 

첫번째 타겟이 달성되었습니다.",,,,,
2018-07-12T09:15:53,"[{'type': 'bold', 'text': 'BTC/USD'}, ' \n\n사실 무근 일시 6100에서 단기적 상승 나올수 있습니다.']",,,,,
2018-07-12T14:21:48,루머: 페이스북이 코인베이스와 무언가를 상의하고 있다는 정보.,,,,,photos/photo_15@12-07-2018_15-21-48.jpg
2018-07-12T17:55:42,"[{'type': 'bold', 'text': 'ETH'}, ' - LONG 포지션을 오픈하세요\n\n우리는 0.06770 - 0.06980 구간에 5배 레버리지로 LONG 진입을 하였습니다.\n\n📈 0.07110 에서 청산 수익실현 해주세요\n📈 0.07200 에서 청산 수익실현 해주세요\n📈 0.07290 에서 청산 수익실현 해주세요\n\nSTOP-LOSS: 0.06680\n\n', {'type': 'link', 'text': 'https://www.bitmex.com/app/trade/ETHU18'}, '']",,,,,
2018-07-13T16:41:41,"['미드텀 - 롱텀\n\n', {'type': 'bold', 'text': 'ICX'}, ' (Binance)\n\n매수: 0.0002100 - 2200 사토시\n매도 :  0.002360 - 2617 - 2884\n스탑로스 : 0.0001650\n\n많이 눌려있는 모습입니다.\n우리는 ICX코인데 대한 내부 정보를 받았습니다.\nICX는 7월 대형 거래소에 상장될 예정입니다.']",,,,,
2018-07-13T16:41:57,"ICX는 말씀드린대로 저항선 돌파 시도중이나, Falling wedge 그래프로 들어서고 있습니다. 이 시점에서 트레이딩 할 경우엔 항상 스탑로스를 유의하시기 바랍니다.
비트코인은 아직도 약하나, 알트의 강세가 있을 경우 비트코인의 하락이 예상됩니다.",,,,,photos/photo_16@13-07-2018_17-41-57.jpg
2018-07-14T08:42:08,"이전의 모든 시그널을 통틀어서 : OCN - LUN - ICX

비트코인이 신고가를 또 갱신하면서 알트코인들의 상승여력이 제한되고 있습니다. 조금 비싼 가격에서 매수하셨다고 하더라도 펀더멘털이 튼튼한 코인들이기 때문에 궁극적으로 상승을 예상하며 장기 홀드를 추천합니다.",,,,,
2018-07-14T10:00:04,"Y-펀디 엑스 디지털 화폐 지갑 XWallet 출시 예정

Pundi X는 XWallet이라는 자체 디지털 화폐 지갑을 출시할 예정입니다. 새로운 블록 체인 기반의 디지털 화폐 지갑 앱은 현재 베타 테스트 단계에 있습니다.",,,,,
2018-07-14T15:30:32,"['비트코인은  ', {'type': 'phone', 'text': '6100-6400'}, ' 구간에 안정적인 볼륨의 모습으로 위 아래로 움직임을 유지하고 있습니다.\n6000~6100$ 밑의 VPVR 구간에서 머물러 있는 상태입니다.\n\n여러분은 지난 2차례에 걸쳐 하락시 발생했던 리액션을 기억하실겁니다. 비트코인이 6000불을 지켜내지 못하면 우리는 또 다시 5800-5700$ 구간으로 향하게 될 것입니다.']",,,,,photos/photo_17@14-07-2018_16-30-32.jpg
2018-07-14T17:21:59,"[{'type': 'bold', 'text': 'DENT'}, ' (Binance)\n\n아래 구매 61 사토시\n매도 : 66  - 70 - 77 ++ \n스탑로스 : 49\n\n소액으로 분할 매수해주세요.']",,,,,
2018-07-15T09:40:09,"[{'type': 'bold', 'text': 'DMT'}, '\n\n아래 구매 2600\n\n20- 30%의 상승이 기대됩니다.']",,,,,
2018-07-15T14:31:03,"오늘의 추천코인은 트랜스퍼코인 TX 입니다.

Buy TX. It will gives you good profits.",,,,,
2018-07-15T14:46:25,"TX가 6148 에 도달하였습니다.

21% 수익드렸습니다.",,,,,
2018-07-15T16:44:15,계속  ☺️,,,,,
2018-07-16T11:29:33,세계에서 가장 큰 자산 운용 회사 블랙락이 암호화폐 생태계에 참여를 고려중입니다.,,,,,photos/photo_18@16-07-2018_12-29-33.jpg
2018-07-16T12:58:12,"두번째 타겟이 달성되었습니다 . 

축하드립니다!",,,,,
2018-07-16T14:01:19,"우리는 60 분 이내에 거대한 신호를 보게 될 것입니다. 계속 지켜봐.
♻️오늘의 추천코인은 BTC 마켓의 코인입니다 

We will have an huge signal within 60mintues. Stay tuned.
♻️Exchange : Bittrex/UPbit ( BTC Market )",,,,,
2018-07-16T15:00:02,"Coin Name : CMCT 클라우드 머신. 매수하세요. 

Buy CMCT and hold until take profits!",,,,,
2018-07-16T15:34:13,"['하루동안 많은 것들이 나오진 않았습니다. 긴 공백기의 시간을 가지고 있다고 이야기 할 수 있습니다. 36일동안 지금  ', {'type': 'phone', 'text': '6100-6800'}, '까지 왔습니다. 최근들어 가장 긴 기간이였습니다.\n보통 긴 횡보 끝에는 큰 움직임이 따라오게 됩니다.\n이러한 기간들은 장세의 상승추세, 하락추세를 정리하기 충분하고 좋은 방향과 포지션을 잡아내기 유리합니다.']",,,,,photos/photo_19@16-07-2018_16-34-13.jpg
2018-07-16T17:09:39,"['빗썸 큰 덤핑이 올수있습니다. 빗썸이용자분들은 주의바랍니다.\n\n', {'type': 'link', 'text': 'https://bithumb.cafe/archives/35221'}, '']",,,,,
2018-07-16T18:36:43,"[{'type': 'bold', 'text': 'GAME'}, '\n\n매수 0.00006800 - 6900 사토시\n매도  0.00007800 - 8700 - 9750 - 10600\n스탑로스  : 0.00005950\n\n좋은 저점.\n많이 눌려있는 모습입니다. 펌핑가능성 있습니다.']",,,,,
2018-07-17T06:33:10,항상 명심하세요.,,,,,photos/photo_20@17-07-2018_07-33-10.jpg
2018-07-17T08:50:46,"GAME가 8421 에 도달하였습니다. 

첫번째 타겟이 달성되었습니다.

21% 수익입니다. 축하드립니다.",,,,,
2018-07-17T12:28:14,"클라우드 머신CMCT 310 -----> 715sats.

131% 수익드렸습니다. 

여러분이 수익을 얻으셨으면 좋겠습니다.
오늘수익을 얻지못하셨다면 다음에 더큰 시그널을 드릴예정입니다.

믿어주셔서 감사합니다. 늘 그렇듯 최선을 다하겠습니다.",,,,,photos/photo_21@17-07-2018_13-28-14.jpg
2018-07-17T12:53:30,"DMT가 3077 에 도달하였습니다.

23% 수익드렸습니다.",,,,,
2018-07-17T13:09:55,"인사이더 정보를 말씀 드린대로 TX가 큰 상승을 보였습니다.

트랜스퍼코인 TX 5077 -----> 8477.

🚀큰상승 예상 공개 이후 67% 상승.

TX 엄청난 수익을 드렸습니다. 축하드립니다!",,,,,
2018-07-17T14:15:13,"Y-펀디 엑스, Veiris와 파트너십 체결.",,,,,photos/photo_22@17-07-2018_15-15-13.jpg
2018-07-17T16:56:13,"[""골드만 삭스의 CEO인 대이비드 솔로몬은 비트코인과 암호화폐에 열렬한 관심을 보내고 있습니다\n\nGoldman Sachs' New CEO David Solomon Is Keen On Bitcoin And Crypto\n\n"", {'type': 'link', 'text': 'https://www.forbes.com/sites/billybambrough/2018/07/17/big-for-bitcoin-goldman-sachs-new-ceo-is-keen-on-crypto/#71eca4d042d6'}, '']",,,,,
2018-07-18T06:23:53,"장난아니죠, 완전 통제 불가능 수준입니다.",,,,,photos/photo_23@18-07-2018_07-23-53.jpg
2018-07-18T06:39:33,"NEO 엄청 눌리고 있는 상태입니다.
돌파시 매수에 들어갈 것입니다.",,,,,photos/photo_24@18-07-2018_07-39-33.jpg
2018-07-18T10:26:16,"저희는 네오를 7월달에 지탱해주고있는 서포트라인에 매수를 했습니다. 

저희는 연말에 보여줬던 지지라인에 매도를 할겁니다.

숏텀 15~20퍼센트 수익을 기대합니다.

스탑로스 : 0.0050500",,,,,photos/photo_25@18-07-2018_11-26-16.jpg
2018-07-18T11:08:19,아이콘 상방돌파가 예상됩니다. 몇개월동안 좋은 거래량의 흐름을 보여주고있습니다.,,,,,photos/photo_26@18-07-2018_12-08-19.jpg
2018-07-19T09:39:59,"[{'type': 'bold', 'text': 'NBT\n\n'}, '매수 : 3200 - 3300 사토시 \n\n매도 : 3600  - 4050  - 4450 ++ \n\n스탑로스 : 2900']",,,,,
2018-07-19T13:03:18,"거의 모든 타겟 달성하였습니다. 

축하드립니다.",,,,,
2018-07-20T05:50:18,저희는 같은 방향으로 가는걸까요,,,,,photos/photo_27@20-07-2018_06-50-18.jpg
2018-07-20T10:11:24,"['Coin:  윙스다오  ', {'type': 'bold', 'text': 'WINGS '}, '\n\nBUY : 3200 - 3300 사토시 \n\nSELL : 3750  - 4300  - 4700 ++ \n\nBuy ', {'type': 'bold', 'text': 'WINGS'}, ' and hold until take profits!']",,,,,
2018-07-20T10:11:42,"윙스다오는 교과서적인 모습을 보여주고 있습니다.  거래량과 볼륨또한 좋은 반응을 보여주고 있습니다.
현재 다운트렌드라인을 돌파한상태입니다.

WINGS textbook moves, the chart looking great and better volume response. 
Breakout long term downtrend confirmed.",,,,,photos/photo_28@20-07-2018_11-11-42.jpg
2018-07-20T14:32:36,"삼성 이 발트해 연안 국가에서 전자결제를 결제할 것으로 보입니다.
삼성은 CopPay 페이먼트 플래폼을 사용할 것입니다.",,,,,photos/photo_29@20-07-2018_15-32-36.jpg
2018-07-21T08:19:29,"저희는 도움이되는 시그널을 드릴예정입니다. 

우리를 기다려주세요. 계속 지켜보세요!",,,,,
2018-07-21T08:19:38,"게다가, 신호는 매우 강력하고 모두에게 좋습니다.",,,,,
2018-07-22T16:03:46,,,,,,photos/photo_30@22-07-2018_17-03-46.jpg
2018-07-22T17:04:39,삼성에서 가상화폐를 채택하려는 모습을 보이고 있습니다.,,,,,
2018-07-24T15:35:12,"Coin name : NGC 나가코인                               

매수하세요!",,,,,
2018-07-24T15:40:44,저가에 매수하시길 바랍니다. 오늘 크게상승할것으로 보입니다,,,,,photos/photo_31@24-07-2018_16-40-44.jpg
2018-07-24T16:50:22,"['미국증권거래위원회(SEC)는  ETF 결정을 9월까지 연기하기로 결정하였습니다.\n', {'type': 'link', 'text': 'https://www.coindesk.com/sec-delays-decision-on-direxions-bitcoin-etfs-until-september/'}, '']",,,,,
2018-07-24T17:14:10,"그러나 ETF에 대한 CBOE 입찰 결정은 8 월 10 일로 예정되어있다.

이 소식은 FUD입니다.",,,,,
2018-07-24T17:37:33,"연기된 ETF는 CBOE(VanEck and SolidX)  ETF가 아니고 Direxion's Bitcoin ETF입니다. 

무분별한 FUD에 주의하시기 바랍니다.",,,,,
2018-07-25T06:52:41,"[{'type': 'bold', 'text': 'STORM'}, '\n\n매수 : 0.00000204 - 206 사토시\n\n매도 : 0.00000229 - 250 - 272 - 305\n\n스탑로스 : 0.00000191']",,,,,
2018-07-25T07:03:13,"[{'type': 'bold', 'text': 'EMC2\n\n'}, '매수 : 0.00001500 - 1600 사토시\n\n매도 : 0.00001745 - 1896  - 2336 ++\n\n스탑로스 : 0.00001340']",,,,,
2018-07-25T09:52:19,"[{'type': 'bold', 'text': 'DENT'}, ' (Binance)\n\n아래 구매 40 사토시\n\n매도 : 44  - 49 - 52 ++ \n\n스탑로스 : 33\n\n소액으로 분할 매수해주세요.']",,,,,
2018-07-25T10:31:35,"[HuobiPro_WALLET]XLM 심볼 추가 확인

XLM on Huobi 지갑 생성",,,,,
2018-07-25T13:04:38,,,,,,photos/photo_32@25-07-2018_14-04-38.jpg
2018-07-25T13:04:39,"Coinbase를 사용하면 기프트 카드를 통해 암호 통화를 추론 할 수 있습니다.

Coinbasе Exchange는 고객이 디지털 기프트 카드를 통해 암호화 통화를 내보낼 수있는 새로운 기능을 출시했습니다. 이 회사는 런던에 본사를 둔 WeGift 신생 업체와 계약을 맺었으며 이제는 사이트 사용자가 120 개 이상의 소매 업체의 카드 교환 용 토큰을 교환 할 수있게되었습니다.

서비스 영국, 스페인, 프랑스, ​​이탈리아, 네덜란드 및 호주에서만 서비스가 제공되기 전에 향후 지리 정보가 확대 될 것입니다.",,,,,
2018-07-25T14:50:55,"[{'type': 'bold', 'text': 'BTC'}, ' - LONG 포지션을 오픈하세요\n\n위험을 최소화하기 위해 짧은 STOP-LOSS로 LONG BTC로갑니다.\n우리는 8150 - 8170 구간에 15배 레버리지로 LONG진입을 하였습니다.\n\n목표:\n1. 8330 \n2. 8390\n3. 8483\n\nSTOP-LOSS: 8050\n\n', {'type': 'link', 'text': 'https://www.bitmex.com/app/trade/XBTU18'}, '']",,,,,
2018-07-26T04:17:52,"친구, 첫 번째 테이크를 축하합니다. 시장은 계속 신경을 자극하지만 첫 번째 목표는 달성됩니다.",,,,,
2018-07-26T05:15:14,"KORE/BTC (Bittrex/Upbit)

사다 / BUY : 17500 - 17700

팔다 / SELL : 20000 - 22000 - 23500",,,,,
2018-07-26T06:45:03,"['[신규Upbit공지][거래] BTC 마켓 코인 추가 (리퍼리움 RFR)  \n', {'type': 'link', 'text': 'https://upbit.com/service_center/notice?id=477'}, '']",,,,,
2018-07-26T10:00:46,"['구글 ""클라우드 플랫폼에 이더리움 통합하겠다"" 밝혀 \n', {'type': 'link', 'text': 'https://blockinpress.com/archives/7330'}, '']",,,,,
2018-07-26T17:36:32,"['EMC2는 0.00001775 에 도달했습니다. \n\n', {'type': 'hashtag', 'text': '#EMC2'}, ' 아인스타이늄 시그널 13%.']",,,,,
2018-07-26T17:43:22,다음과같은 코인이 폴로닉스에서 상장폐지됩니다.,,,,,photos/photo_33@26-07-2018_18-43-22.jpg
2018-07-27T04:45:38,"EMC2가 2249 에 도달하였습니다. 

거의 모든 타겟 달성하였습니다. 

축하드립니다.",,,,,
2018-07-27T07:01:00,"KORE 는 22991 에 도달했습니다. 

두번째 타겟이 달성되었습니다 .",,,,,
2018-07-27T07:43:47,"['Upbit는 ', {'type': 'bold', 'text': 'RFR/KRW'}, ', ', {'type': 'bold', 'text': 'DMT/KRW'}, ' 거래 쌍을 추가합니다.']",,,,,
2018-07-27T07:58:13,"['DMT 는 0.00011500 에 도달했습니다. \n\n', {'type': 'hashtag', 'text': '#DMT'}, ' 아인스타이늄 시그널 400% 🚀']",,,,,
2018-07-27T11:15:17,"[{'type': 'bold', 'text': 'TIX'}, '\n\n매수 : 0.00003150  - 3250\n\n매도 : 0.00003550 -  3980 - 4340 ++\n\n스탑로스 : 0.00002844']",,,,,
2018-07-27T15:11:54,"[{'type': 'bold', 'text': 'BTC'}, ' - LONG 포지션을 오픈하세요\n\n위험을 최소화하기 위해 짧은 STOP-LOSS로 LONG BTC로갑니다.\n\n우리는 7800 - 7850 구간에 15배 레버리지로 LONG 진입을 하였습니다.\n\n목표:\n1. 7950 \n2. 8043\n3. 8190\n4. 8300\n\nSTOP-LOSS: 7700\n\n', {'type': 'link', 'text': 'https://www.bitmex.com/app/trade/XBTU18'}, '']",,,,,
2018-07-27T16:22:59,"한국 당국자들은 Bitcoin, Ethereum, XRP 및 다른 가상 화폐가 새로운 법률로 더 잘 보호 될 것이라고 말한다.",,,,,photos/photo_34@27-07-2018_17-22-59.jpg
2018-07-27T17:06:26,,,,,,
2018-07-27T17:06:34,"친구, 첫 번째 테이크를 축하합니다. 시장은 계속 신경을 자극하지만 첫 번째 목표는 달성됩니다.",,,,,
2018-07-27T17:31:11,"['BTC가 8200 에 도달하였습니다.  두번째 타겟이 달성되었습니다.\n70% 이상 롱 상승입니다. \n\nVIP문의 : ', {'type': 'mention', 'text': '@master_jay'}, '']",,,,,photos/photo_35@27-07-2018_18-31-11.jpg
2018-07-28T14:36:15,"주말은 보통 보륨이 낮습니다.
차트 보던걸 내려두고 나가 노세요.

노잼장입니다. 데헷.",,,,,
2018-07-29T06:39:46,"SHIFT/BTC (Bittrex,Upbit)

매수 :   0.00014000 - 14300

매도 : 0.00015800 - 17700 - 18811 - 20123 

스탑로스 : 0.00011600",,,,,
2018-07-29T15:22:33,"NCASH/BTC (Binance) 

매수  : 0.00000146 - 150 

매도  : 0.00000161 - 176 - 189 - 201 - 218 - 240 

스탑로스 : 0.00000130",,,,,
2018-07-29T16:09:13,"SYS/BTC 

매수  : 0.00002100 - 2200 

매도  : 0.00002390 - 2600  -2910 - 3333

스탑로스 : 0.00001690",,,,,
2018-07-30T09:40:52,"첫번째 타겟이 달성되었습니다.

축하드립니다.",,,,,
2018-07-30T09:53:10,"['흥미로운 코인 분석입니다\n\n', {'type': 'link', 'text': 'https://www.ccn.com/korea-is-pushing-positive-crypto-legislation-what-happens-after-its-passed/'}, '']",,,,,
2018-07-30T15:14:14,"금일 시장상태가 호전됨에 따라 시그널을 드리려 했으나 비트렉스 서버문제로 금일 시그널은 취소되었습니다. 

많은분이 손실을 입길 원하지않습니다. 다음에 좋은 시그널을 드리겠습니다",,,,,
2018-07-31T10:59:09,"[{'type': 'bold', 'text': 'LRC/BTC'}, ' \n\n매수 : 0.00002970 - 3050 \n\n매도 : 0.00003350 - 3730 - 3950 - 4170 \n\n스탑로스 : 0.00002500']",,,,,
2018-07-31T16:13:42,"장이 불안정함에 따라, 금일 조심할 필요가 있습니다.",,,,,
2018-07-31T16:14:02,마켓이 안정적으로 될때 더 좋은 시그널도 낼 것입니다.,,,,,
2018-08-01T07:43:45,"DOCK/BTC (Binance)

매수 :  570 - 580

지금 구매하면 빠른 이익 20-30 % 

스탑로스 : 500

Bittrex(Upbit) 가 DOCK를 상장한다는 루머가 있습니다.",,,,,
2018-08-01T08:28:37,"고래들이 비트코인 매수를 시작한 것으로 보입니다.

현금화하신 분들은 비트코인 천천히 분할매수 하셔요.",,,,,
2018-08-01T15:00:01,"오늘의 추천코인은 신디케이트SYNX 입니다.

Coin Name : SYNX

매수하세요. 큰 상승이 기대됩니다.",,,,,
2018-08-01T17:54:12,"['미국증권 거래위원회(SEC) 는 향후 18개월 인해에 비트코인 ETF를 승인 할수 있다고 Ali Hassan (자산 관리자이자 crescent crypto의 공동 창립자) 가 말씀하셨습니다.\n\n', {'type': 'link', 'text': 'https://www.ccn.com/sec-approved-bitcoin-etf-possible-in-18-months-crescent-crypto-ceo/'}, '']",,,,,
2018-08-02T09:00:48,시장이 회복중에 있습니다. 이제 알트코인을 구입할 차례가 되었습니다. 저희가 30분안에 좋은 시그널을 드리겠습니다. 계속 지켜봐주십시오!,,,,,
2018-08-02T09:30:06,"['Coin: ', {'type': 'bold', 'text': 'WINGS \n\n'}, '지금 구매하면 빠른 이익 20-30%!']",,,,,
2018-08-02T09:38:16,"[{'type': 'bold', 'text': 'WINGS'}, ' 매수하세요. 금일 큰 상승을 보일 것입니다']",,,,,
2018-08-02T10:10:11,"['코인베이스가 영국 고객들을 위한 영국 파운드 입출금 개시를 시작하였습니다.\n\nCrypto exchange Coinbase is now offering deposits and withdrawals denominated in the British pound (GBP).\n\n', {'type': 'link', 'text': 'https://www.coindesk.com/coinbase-adds-british-pound-for-uk-crypto-users/'}, '']",,,,,
2018-08-02T10:10:19,"[{'type': 'text_link', 'text': '골드만삭스 이어 모건스탠리도 암호화폐 시장 뛰어들다', 'href': 'http://www.coinreaders.com/1823'}, ' (', {'type': 'link', 'text': 'http://www.coinreaders.com/1823'}, ')']",,,,,
2018-08-03T07:10:10,업비트가 아이오타를 상장했습니다.,,,,,
2018-08-03T07:17:49,"비트코인의 계속되는 불안정성에 따라, 알트코인 트레이딩은 최대한 자제히기 위해 최대한 픽은 드리지 않고 있습니다. 참고하시기 바랍니다.",,,,,
2018-08-03T09:22:23,"IOP/BTC 

매수 : 7900 - 8300 

지금 : 09050 - 9870 - 11200 - 12150

Stop-loss : 0.00007000",,,,,
2018-08-03T09:42:55,"['OKEx 측의 발표가 나왔습니다 \n\n', {'type': 'link', 'text': 'https://support.okex.com/hc/en-us/articles/360011941512-Regarding-the-Forced-Liquidation-Incident-on-Jul-31-2018'}, '']",,,,,
2018-08-03T15:05:31,"📈저희는 1시간 후 큰 상승 예상 코인 시그널을 보낼 것입니다. 주시하시기 바랍니다.
➖거래소 : 업비트 BTC 마켓➖

📈We will give you an huge signal within an hour 
KEEP YOUR EYES ON IT.
➖Exchange: Bittrex/UPbit➖",,,,,
2018-08-03T16:00:05,"오늘의 추천코인은 블룸 SYNX 입니다.

Coin Name : SYNX

매수하세요. 큰 상승이 기대됩니다.",,,,,
2018-08-03T16:03:31,"현재 저희는 1734 부근에 큰 매수벽을 세우고 있습니다. 
SYNX 매수하세요.",,,,,
2018-08-03T17:00:09,"['세계 최대의 증권 거래소가 비트 코인 시장에 진출하게 되었습니다.\n\n', {'type': 'link', 'text': 'https://www.ccn.com/breaking-worlds-biggest-stock-exchange-operator-is-launching-a-bitcoin-market/'}, '']",,,,,
2018-08-03T17:00:18,"['HIT 코인은 후오비에서 거래하는것이 가장 편하며 가입 루트는 아래와 같습니다. 오늘 상장되었기때문에 지금 보이시는 상승 퍼센테이지는 무관합니다.\n\n ', {'type': 'link', 'text': 'https://www.huobi.co.kr/ko-KR/maid/maidRank?invite_code=mx2e3'}, '']",,,,,
2018-08-03T17:50:33,"SPHR/BTC 

아래 구매 0.00008400

지금 : 0.00009500 - 10600 - 11300

Stop-loss : 0.00007300",,,,,
2018-08-03T18:27:37,"['좋은 소식입니다 여러분!\n\n', {'type': 'link', 'text': 'https://www.businesswire.com/news/home/20180803005236/en/Intercontinental-Exchange-Announces-Bakkt-Global-Platform-Ecosystem'}, '']",,,,,
2018-08-05T04:17:40,"['[신규Bithumb공지]비트코인 입출금 정상화 안내  \n', {'type': 'link', 'text': 'https://bithumb.cafe/archives/36919'}, '']",,,,,
2018-08-05T14:00:07,"🚀저희는 60분 이내에 큰 상승이 기대되는 시그널을 보낼 것입니다. 계속 주시하시기 바랍니다.
♻️오늘의 추천코인은 BTC 마켓의 코인입니다 

🚀We will provide the huge signal in 60 mintues. 
Stay tuned.
♻️Exchange : Bittrex/UPbit ( BTC Market )",,,,,
2018-08-05T15:00:14,"오늘의 추천코인은 디센트DCT 입니다.

Coin Name : DCT

매수하세요. 큰 상승이 기대됩니다.",,,,,
2018-08-05T15:01:47,DCT 매수하세요. 금일 큰 상승을 보일 것입니다,,,,,
2018-08-05T15:34:38,"['Mt Gox의 채권단은 비트코인 상환 계획 수정을 준비 하고 있습니다.\n\n', {'type': 'link', 'text': 'https://www.ccn.com/mt-gox-creditors-prepare-revised-claims-for-bitcoin-repayments-plan/'}, '']",,,,,
2018-08-05T17:44:52,"['[신규Upbit공지][이벤트] 실명확인 입출금 계좌 전환 이벤트  \n', {'type': 'link', 'text': 'https://upbit.com/service_center/notice?id=494'}, '']",,,,,
2018-08-07T11:49:42,VRC는 0.00003300 사토시 밑으로 매수하시는 게 괜찮아보입니다. 추세반전으로 보입니다.,,,,,
2018-08-08T09:25:28,"ETF때문에 떨어졌다는 분들이 있는데 떨어질 차트는 떨어지게 됩니다. 
악재 뉴스와 FUD 뉴스는 속도를 가속화할 뿐입니다. 

이미 차트에는 떨어질 차트였습니다
ETF 한번에 승인될꺼라고 전혀 생각하지 않았고 승인된다고해도 올해말 아님 내년에나 가능할꺼라 저는 생각했습니다 저또한 여러가지 상황볼때 힘들다고 느꼈을텐데.. 세력들도 이미 같은생각 아니였을까요? 어제 가격이  잔깜 BTC가 상승할때  개미들 태우고 ETF 연기 빌미로 패닉셜을 유도하는것처럼  빠르고 거친 과매도가 발생했습니다..
거절 된것도 아니고.. 연기했을뿐인데.",,,,,
2018-08-10T05:39:33,,,,,,photos/photo_36@10-08-2018_06-39-33.jpg
2018-08-10T06:34:37,"몇일동안 좋지 못했던 장은 점차 회복되어 가고 있습니다. 알트 상승이 예상되는 만큼, 알트 매수하기에 좋은 시점입니다.
이에 따라, 저희는 금일 오후 11시, 모두가 수익을 얻을 수 있는 시그널을 드릴 예정입니다. 채널 고정하시기 바랍니다.

The market is recovering while it was bad for the few days. As we expect bullish of alts, this is good time to buy it.
Accordingly, we decided to give you the huge call which everyone can take profits at 14:00 (GMT).
Please stay tuned on our channel.

♻️Exchange: Bittrex / Upbit
(BTC market)
🕛Time: 11:00 PM (KST) - 14:00 GMT
👨‍👩‍👧‍👧Participants: More than 100,000 crypto-investors
🎯Target: 40~1000%",,,,,
2018-08-10T07:35:34,"['[신규Upbit공지][이벤트]시린토큰(SRN) - 메시 만나러 스페인 가자 이벤트 추첨 진행 안내   \n', {'type': 'link', 'text': 'https://upbit.com/service_center/notice?id=501'}, '']",,,,,
2018-08-10T07:50:11,첫번째 타겟이 달성되었습니다.,,,,,
2018-08-10T07:50:59,"BLOCK/BTC 

아래 구매 0.00092000

지금 : 0.00107000 - 113000 - 126000 - 135000 - 140000

Stop-loss : 0.00073000",,,,,
2018-08-10T12:59:06,,,,,,
2018-08-10T13:03:07,"🚀저희는 3시간 이내에 큰 상승이 기대되는 시그널을 보낼 것입니다. 계속 주시하시기 바랍니다.
♻️오늘의 추천코인은 BTC 마켓의 코인입니다.

There will be an huge huge signal within 3 hours.
♻️Exchange : Bittrex/UPbit ( BTC Market ).",,,,,
2018-08-10T15:59:57,"오늘의 추천코인은 코어코인 KORE 입니다.

Coin Name : KORE

매수하세요. 큰 상승이 기대됩니다.",1.0,bittrex,kore/btc,,
2018-08-10T16:00:46,KORE 매수하세요. 금일 큰 상승을 보일 것입니다,,,,,
2018-08-14T05:35:24,"Y-싸이월드 암호화폐 ‘클링(Clink)’ 발행

국내 1세대 가상화폐로 인기를 끌었던 도토리를 만든 싸이월드에서 암호화폐 ‘클링(Clink)’을 발행하겠다고 밝혔다.",,,,,
2018-08-14T07:32:30,"마켓은 빨간색입니다.
그러나 우리는 우리팀이 여전히 당신을위한 큰 상승이 기대되는 코인 하나를 가지고 있다고 말할 수 있는게 매우 기쁘게 생각합니다.

 우리는 이 코인이 오늘 당신이 빠르게 많은 이익을 얻을 것이라고 확신합니다.

다른 사람들은 손해를 보고 당신은 우리 채널덕분에 이익을 볼 것입니다. 

채널을 팔로우하고 놓치지 마세요.

🔁 Exchange: Bittrex/Upbit (BTC Market)
🕐 Time: 22:00 KST
👤 Participants: More than 100,000 crypto-investors
🎯 Target: 40~100%",,,,,
2018-08-14T14:15:20,"한국시간으로 현재 오후 10시입니다 , 우리는 한시간안에 앞서 말씀 드렸던 코인을 발표할 예정입니다

거래소 - Bittrex/UPbit
코인명 -

1) 유료/후원방은 따로 없습니다. 저는 여러분에게 제 채널에만 공지함으로써 모두가 수익을 창출하는데 동일한 기회를 제공하고자합니다.
이방은 무료/공개방입니다, 저희는 아무한테도 돈을 요구하지도 않았습니다. 만일 저희 채널이 마음에 들지 않는다면, 나가셔도 상관없습니다.

2) 저희가 제공해드린 추천픽을 매수하고 매도하는 순간 모두 여러분의 결정입니다. 우리는 당신의 수익과 손해에 일절 책임이 없습니다. 우리가 책임이 없기에 여러분에게 돈을 요구하지 않는 것입니다.
트레이딩은 여러분의 책임을 지고 하시길 바랍니다.",,,,,
2018-08-14T14:54:08,"비트렉스/업비트에 로그인 하세요.
우리는 오늘의 코인을 곧 발표 할것입니다.",,,,,
2018-08-14T15:00:05,"['“Tues HODL"" Coin: BTC-BLT,\n\nExchange - Bittrex/Upbit \n\n', {'type': 'link', 'text': 'https://upbit.com/exchange?code=CRIX.UPBIT.BTC-BLT'}, '']",,,,,
2018-08-14T15:08:23,"['""화요일 추천 코인"" BTC-BLT 입니다.\n\n거래소 - Bittrex / Upbit\n\n', {'type': 'link', 'text': 'https://upbit.com/exchange?code=CRIX.UPBIT.BTC-BLT'}, '\n\n방법-\n\n1) 구매 및 보류, 가격이 최고가라고 생각되면 저가로 구매하십시오.\n\n2) 저희는 세개의 텔래그램 채널에 추천 홀딩 코인인 BLT를 다음주 화요일까지 알릴 것이며 홀딩 할것입니다.\n\n\n\n3) 채널 회원으로, 판매 벽을 피하는 것이 좋습니다.\n가능한 한 많이 페이스 북, 트위터에 홍보 할것입니다.\n\n4) 우리는 모두 홀딩 코인을 홍보 하고 좋은 수익을 얻을수 있습니다. 판매를 하는 코인이 아닌 추천 홀딩 코인입니다.\n\n추가 상승 여력이 매우 높습니다.']",,,,,
2018-08-14T15:12:25,"강한 지지가 1900에 있습니다.
그리고 가격이 낮아 구입하기 좋습니다.
매수하세요 곧 달나라 갑니다.",,,,,
2018-08-15T07:32:08,"DOCK/BTC (Binance)

매수 0.00000215 - 220 사토시

매도 0.0000240 - 252 - 270 - 288

Stop-loss : 0.00000180",,,,,
2018-08-15T10:15:35,두번째 타겟이 달성되었습니다,,,,,
2018-08-15T18:33:48,"ZRX/BTC

매수 0.00011200 - 11400

매도 0.00012500 - 13900 - 15400 - 16700

Stop-loss : 0.00009100",,,,,
2018-08-15T18:36:35,"LUN/BTC

매수 0.0005100 - 5300 토시

매도 0.0005750 - 6328 - 6790 - 7250

Stop-loss : 0.00004700",,,,,
2018-08-17T06:01:54,"DENT/BTC (Binance)

매수 0.00000026 - 27 사토시

매도 0.0000030 - 32 - 34 - 36 - 39 

Stop-los : 0.00000022",,,,,
2018-08-17T06:12:22,,,,,,photos/photo_37@17-08-2018_07-12-22.jpg
2018-08-17T11:12:43,계속 올를것입니다.,,,,,
2018-08-17T11:12:45,계속 올를것입니다.,,,,,
2018-08-17T13:46:28,"SNT/BTC

BUY : 0.00000585 - 605 

SELL  : 0.00000650 - 690 - 761 - 819 

Stop-loss  : 0.00000510",,,,,
2018-08-17T15:12:39,"XEM/BTC

매수 0.00001650 - 1680사토시

매도 0.00001790 - 1982 - 2225 - 2398

Stop-los : 0.00001500",,,,,
2018-08-17T20:26:54,"BLOCK/BTC 

아래 구매 0.00082000

지금 : 0.00107000 - 113000 - 126000 - 135000 - 140000

Stop-loss : 0.00073000",,,,,
2018-08-18T11:58:08,"다음은 제가 읽고 있는 몇 가지 논평들 입니다.  의심이 들 때 정말 바보같고, 자신감이 없어지고, 이 코인의 값이 쓰레기일때, 왜 그것들을 샀나, 다른 걸 버려야 하나.. 등등 입니다. 당신이 만약에 이런 생각할 때, 이미 늦었습니다. 

지금이 바로 ""빨간색으로 사서  그린으로 팔자"" 를 가질 때입니다.

우리는 일주일간의 끊임없는 이익을 얻었습니다. 거기서 여러분은 이익을 얻어야 하며 계획을 세워 위험을 감수해야 합니다. 만약 여러분이 이익을 잠그지 않는다면 이익을 내지 못할 것입니다. 그래서 최대의 시나리오는 여러분들이 이익을 얻는 것입니다. 왜냐하면 여러분은 공동체의 구성원이 아니라 새로운 BTC 구매자이기 때문입니다. 이것은 기본적인 교훈과 같습니다. 하지만 중요한 것은 우리가 그 교훈을 알아 가는 것이 아니라 그것을 발전시키는 것입니다.

 
주말은 대개 볼륨이 낮기 때문에 차트를 잠시 두고 밖에 나가서 시간을 보내세요. 다시 한번 강조하지만 만약 우리가 좋은 투자 아이디어를 얻게 된다면, 가능한 빨리 이 채널에 그것을 게시할 것입니다.",,,,,
2018-08-19T08:07:17,"['BTC/USD 업데이트 - 1D 차트(중간) - \n\n', {'type': 'link', 'text': 'https://www.tradingview.com/x/Hm7FCBVE/'}, '\n\nBTC는 일일 차트에서 헤드엔숄더 패턴을 형성하고 있습니다. 비트코인은 6800달러에 이를 것으로 예상되지만 중요한 점이 있습니다. 주요 저항 구역에서 H&S 패턴의 완료로 되돌가야되고 그렇지 않으면 이 패턴이 깨지고 최대 7200달러가 될 수 있습니다.\n\n우리는 BTC가 경로(H&S 패턴)에 따라 가격이 하락할 가능성이 높기 때문에 큰 변화가 있으면 이익은 6800달러로 추천합니다.  곧 여러분들을 위해 업데이트 하겠습니다.']",,,,,
2018-08-19T11:58:27,"['샌프란시스코의 연방 정부에서 보석금 지불 수단으로 비트코인 $750,000를 인정하였다.\n', {'type': 'link', 'text': 'https://www.bitrates.com/news/p/san-francisco-federal-court-accepts-bitcoin-for-hackers-bail'}, '']",,,,,
2018-08-19T14:29:43,"[{'type': 'bold', 'text': 'IOTX/BTC'}, ' (Binance) \n\n매수 0.00000163 - 165 사토시\n\n매도 0.00000181 - 193 - 204 - 221 - 242 \n\nStop-loss : 0.0000140']",,,,,
2018-08-20T06:53:04,"주말동안 장은 상승과 하락을 반복하며 불안정세를 보였습니다. 알트코인으로 수익을 보신 분들도 계시겠지만 손해를 보신 분들도 많이 계실 것 입니다. 이에따라, 20일 월요일 오후 10시, 모두가 수익을 얻을 수 있는 큰 시그널을 드릴 예정입니다.

During the weekend, there were bullish and bearish trend. We think there would be many people enjoyed profits from the bullish trend and also people made loss from bearish trend. Tomorrow, 20th (Monday) at 13:00 GMT, we will give you the the most massive signal so that everyone can make profits.

♻️Exchange: Bittrex / Upbit (BTC market)
🕛Time: 10:00 PM (KST) 20일 (월) - 13:00 GMT on 20th, Monday
👨‍👩‍👧‍👧Participants: More than 100,000 crypto-investors
🎯Target: 40~100%",,,,,
2018-08-20T14:59:51,"['Coin ~ ', {'type': 'bold', 'text': 'VRC'}, ' \n\n', {'type': 'link', 'text': 'https://upbit.com/exchange?code=CRIX.UPBIT.BTC-VRC'}, '\n\n매수하세요. 큰 상승이 기대됩니다.']",1.0,bittrex,vrc/btc,,
2018-08-20T16:22:14,"금일, 우리가 제공한 메가시그널, VRC는 약 70%의 상승률을 보여주었습니다. 모두가 큰 수익을 얻으셨길 바라며, 더 좋은 시그널로 다시 찾아뵙겠습니다. 

The Mega signal, VRC we provided today rose about 70%. We hope everyone enjoyed profit. We will be back soon.",,,,,photos/photo_38@20-08-2018_17-22-14.jpg
2018-08-20T16:58:13,"['다음 2개월의 BTC는 아주 매우 변덕스러울것입니다.\n\n이 문서를 읽어보세요:\n', {'type': 'link', 'text': 'https://www.coindesk.com/the-sec-will-decide-on-9-bitcoin-etfs-in-the-next-2-months/'}, '']",,,,,
2018-08-20T17:13:47,"현재 저가 BTC을 보고 있는 관점은, 만약 우리가 4시간이나 매일 6200 이하를 부수고 마감한다면, 저는 ~5350으로 이동할 것으로 예상합니다.

만약 저희가 계속 상승세를 띈다면, 6800 과 7130의 강한 저항을 가질것으로 예상합니다.",,,,,photos/photo_39@20-08-2018_18-13-47.jpg
2018-08-20T17:16:44,"['[ 비트코인 ETF 심사 일정 ]\n\n• 윙클보스 Winklevoss Bitcoin Trust\n승인실패\n\n• NYSE Arca ProShares Bitcoin ETF\n8월 23일까지 결론 (연기 불가능), (총2건)\n\n• Direxion ETF\n9월 12일까지 결론 (연기 불가능), (총4건)\n\n• CBOE GraniteShares Bitcoin ETF\n9월 15일까지 결론 (연기 불가능), (총2건)\n \n• CBOE VanEck SolidX Bitcoin Trust\n9월말까지 결론 (내년 2~3월까지 연기 가능), (총1건)\n\n\nUpcoming ETFs  schedule :\n\n', {'type': 'hashtag', 'text': '#ProShares'}, ' ETF - 23rd August 2018 \n', {'type': 'hashtag', 'text': '#Bitwise'}, ' ETF - 7th Seuptember 2018 \n', {'type': 'hashtag', 'text': '#Direxion'}, ' ETF - 21st September\n', {'type': 'hashtag', 'text': '#CBOE'}, ' VanEck / SolidX ETF - 30th September .']",,,,,
2018-08-21T04:55:09,[BinanceWallet]HC 심볼 추가 확인,,,,,
2018-08-21T08:25:08,다음 2개월의 BTC는 아주 매우 변덕스러울것입니다.,,,,,photos/photo_40@21-08-2018_09-25-08.jpg
2018-08-21T17:38:49,"2일 전, 20일에 저희는 투자자분들 모두 수익을 누리실 수 있도록 메가 시그널을 공개하였고 타 채널같이 20% 프리펌핑 및 덤핑을 보여준것이 아닌, 프리펌핑 없는 70%의 큰 상승률을 선보였습니다.

금일, 22일 수요일, 22시에 우리는 한번더 70%의 상승률에 버금가는 메가 시그널을 선보일 예정입니다.

On the 20th, we released the Mega Signal, ans every investor enjoyed huge profits. We showed the 70% increase without pre-pumping instead of showing 20% free pumping and dumping like other channels.
On the 22nd, Wednesday at 13:00 (GMT), we will once again give you the mega signal that is similar to the 70% increase rate like the last time.

♻️Exchange: Bittrex / Upbit (BTC market)
🕛Time: 10:00 PM (KST) 22일 (수) - 13:00 GMT on 22nd,  Wednesday
👨‍👩‍👧‍👧Participants: More than 100,000 crypto-investors
🎯Target: 40~100%",,,,,
2018-08-21T19:09:56,[Bittrex_Market]BFT 심볼 추가 확인,,,,,
2018-08-22T07:45:52,"['[거래] BTC 마켓 코인 추가 (비에프토큰 BFT) (', {'type': 'link', 'text': 'https://upbit.com/service_center/notice?id=510'}, ')']",,,,,
2018-08-22T09:34:25,계속 올를것입니다.,,,,,
2018-08-22T10:08:20,"금일 메가시그널 예정되어 있습니다. 저번 메가 시그널은 프리펌핑없이 약 70%의 상승률을 보여주었습니다. 금일 드릴 메가 시그널은 저번 시그널보다 더큰 상승률을 보여줄 것이라 예상됩니다.

분명 이번 코인 공개로 인해 많은 분들께서 수익을 얻으실거라 장담합니다.

금일 22시에 찾아 뵙겠습니다.

감사합니다.

Do not forget tonight! Remember that last signal was massively rose over 70%. Today, we will give you another Mega signal which is expected greater than ever.

See you at 13:00 GMT (22:00 KST)",,,,,
2018-08-22T15:00:21,"['Coin ~ AID\n\n', {'type': 'link', 'text': 'https://upbit.com/exchange?code=CRIX.UPBIT.BTC-AID'}, '\n\n매수하세요. 큰 상승이 기대됩니다.']",1.0,bittrex,aid/btc,,
2018-08-22T15:39:47,"해당 분석을 통해 우리가 공개한 메가 시그널, AID는 총 90% 넘는 상승률을 기록했음을 보여주고 있습니다. 역대 텔레그램 펌핑중 가장 큰 상승률입니다.

According to the analysis, we can see that our signal rose more than 90%. This is the greatest pump on telegram.",,,,,photos/photo_41@22-08-2018_16-39-47.jpg
2018-08-22T16:19:09,"이제 Coinbase Commerce 통합을 통해 270만 개의 온라인 스토어가 BTC, BCH, LTC 및 ETH를 수용할 수 있습니다.

피어투피어(Peer-to-Peer)도 마찬가지고, 중간인들도 관여하지 않고 인터넷 지불이 방법으로 가능합니다.",,,,,photos/photo_42@22-08-2018_17-19-09.jpg
2018-08-22T17:47:53,"내일 SEC는 ProShares Bitcoin ETF 제안을 승인 또는 거부합니다.
- ProShares ETF는 BTC 자체의 지원을 받지 않으며, 대신 Futures 및 Options와 같은 파생 모델의 지원을 받습니다. 즉, ETF 값은 비트코인 퓨처에 의해 결정됩니다.
원본 파일에 따라 CME 또는 Cbo Futures Exchange에서 거래됩니다.",,,,,
2018-08-23T04:02:27,"[{'type': 'link', 'text': 'http://naver.me/GRM9Ukoj'}]",,,,,
2018-08-23T10:09:57,"['SEC, 9개의 ETF 승인 요청 거부.. “암호화폐의 가치를 인정하지 않는 것은 아니다”\n\n', {'type': 'link', 'text': 'https://blockinpress.com/archives/8231'}, '']",,,,,
2018-08-23T10:22:36,세번째 타겟이 달성되었습니다,,,,,
2018-08-23T10:24:05,"STEEM/BTC

매수 0.00013000 -13500

매도 0.00014800 - 15600 - 17700 - 19000

Stop-loss : 0.00011000",,,,,
2018-08-23T10:52:49,"WAX/BTC 

매수 0.00001090 - 1110 사토시

매도 0.00001205 - 1310  - 1400 - 1500

Stop-loss : 0.00000980",,,,,
2018-08-23T20:04:14,"SNT/BTC

매수 0.00000585 - 595 

매도 0.00000630 - 690 - 761 - 819 

Stop-loss  : 0.00000513",,,,,
2018-08-24T04:29:10,빗썸이 THETA와 CMT를 상장합니다.,,,,,
2018-08-24T20:07:42,"Alipay는 네트워크를 통한 비트코인 OTC 거래에 대한 진입를 제한합니다.

알리바바의 모바일 결제 솔루션 알리페이는 비트코인 OTC(거래처 이상)를 거래하기 위해 네트워크를 사용하는 모든 계정을 제한하고 영구적으로 차단하겠다고 선언했고
이것은 중국 정부의 공격적인 규제 과정과 연관이 있을 수 있습니다.",,,,,photos/photo_43@24-08-2018_21-07-42.jpg
2018-08-27T15:00:02,"['Coin ~ PTOY\n\n', {'type': 'link', 'text': 'https://upbit.com/exchange?code=CRIX.UPBIT.BTC-PTOY'}, '\n\n매수하세요. 큰 상승이 기대됩니다.']",,,,,
2018-08-28T04:36:13,Upbit이 ELF를 상장한다는 루머가 있습니다.,,,,,
2018-08-28T04:44:57,"['[신규Bithumb공지]에어드랍이벤트 한도상향 안내  \n', {'type': 'link', 'text': 'https://bithumb.cafe/archives/38145'}, '']",,,,,
2018-08-28T08:53:19,"POWR/BTC

매수 0.00002900 - 2950 사토시

매도 0.00003270 - 3750 - 4200 - 4600 

Stop-loss : 0.00002400",,,,,
2018-08-28T11:34:13,"['[신규Bithumb공지]암호화폐 4종 입출금 서비스 재개 안내  \n', {'type': 'link', 'text': 'https://bithumb.cafe/archives/38189'}, '']",,,,,
2018-08-28T13:09:13,"OCN/BTC

아래 구매  51 사토시

매도 55 - 60 - 65 - 72 

Stop-loss  : 41",,,,,
2018-08-28T19:06:22,"QTUM - 4H 차트

-A&E 이중 하단 성형(+)
-볼륨 상승 (+)
-EMA 55 저항 차단(+)
-클라우드 근접으로 인해 풀백(-)이 발생할 수 있음",,,,,photos/photo_44@28-08-2018_20-06-22.jpg
2018-08-28T19:07:17,"POWR - 4H 차트

-복합 H&S 패턴 가능성(+)
-일목균형표 지표에서 구름에 근접함 (+)
-지지로 가격은 EMA 55에 있음 (+)
-유효범위와 인접 거리 (/)",,,,,photos/photo_45@28-08-2018_20-07-17.jpg
2018-08-28T19:39:13,"[{'type': 'bold', 'text': '[긴급]\n\n'}, {'type': 'code', 'text': '업비트,비트렉스\n'}, '새로운 마켓 페어가 생성되었습니다.\n\n', {'type': 'bold', 'text': '[ New Pair ]'}, ' ', {'type': 'code', 'text': 'BTC-GO'}, '']",,,,,
2018-08-30T04:46:35,"['암호화폐 신규거래를 중단하는 등의 정부가 발표한 암호화폐 특별대책에 대하여 헌법소원이 제기되었습니다. \n\n', {'type': 'link', 'text': 'https://news.joins.com/article/22250046'}, '']",,,,,
2018-08-30T09:08:22,Huobi는 HC에 기록 되어 집니다.,,,,,
2018-08-30T14:46:53,"['BTC/USD \n\n', {'type': 'phone', 'text': '6700-6800'}, ' 근처 구간에서 롱 소액 받아보시는거 추천합니다.']",,,,,
2018-08-31T06:55:28,몇개의 WAX를 매입하여 기다리십시오. 구매 장벽에 상승세를 보이고 있고 최근 많은 매입이 되었습니다.,,,,,photos/photo_46@31-08-2018_07-55-28.jpg
2018-08-31T09:17:43,"ELF/BTC (Binance)

매수 0.00005761 - 5850 사토시

매도 0.00006350 - 6600 - 7050 - 7590

Stop-loss : 0.00005100 

Upbit이 ELF를 상장한다는 루머가 있습니다.",,,,,
2018-09-01T12:42:09,세번째 타겟이 달성되었습니다 .,,,,,
2018-09-01T12:42:47,세번째 타겟이 달성되었습니다 .,,,,,
2018-09-01T17:43:01,"['Binance와 Bittrex는 저가 가장 좋아하는 교환처 입니다. 저는 저의 모든 정보를 무료로 제공해주기 때문에 만약 여러분이 계정을 가지고 있지 않고 갚고 싶다면 이곳이 가장 좋은 방법이기도 합니다.\n\n', {'type': 'link', 'text': 'https://www.binance.com/?ref=11325821'}, '\n\n', {'type': 'link', 'text': 'https://bittrex.com/home/markets'}, '']",,,,,
2018-09-01T18:17:16,"XLM/BTC

매수 0.00003200 - 3250 

매도 0.00003570 - 3725 - 4097 - 4350 

Stop-loss : 0.00002900",,,,,
2018-09-03T09:24:56,"['[신규huobi코리아공지]후오비 코리아 Ncash 상장 기념 이벤트  \n', {'type': 'link', 'text': 'https://www.huobi.co.kr/ko-KR/notices/290'}, '']",,,,,
2018-09-03T15:00:25,"['Coin name: ', {'type': 'bold', 'text': 'GUP'}, ' \n\n', {'type': 'link', 'text': 'https://upbit.com/exchange?code=CRIX.UPBIT.BTC-GUP'}, '\n\n', {'type': 'link', 'text': 'https://bittrex.com/Market/Index?MarketName=BTC-GUP'}]",,,,,
2018-09-03T15:01:07,"GUP 매수하세요. 금일 큰 상승을 보일 것입니다

Buy GUP. It will moon today!",,,,,
2018-09-03T16:17:02,BTC/USD - Bitfinex - 1시간 - 올라가는걸 무효화시키는 삼각형이 깨짐 - 물리는걸 미루면 다시 이익 획득에 도달할 수 있음,,,,,photos/photo_47@03-09-2018_17-17-02.jpg
2018-09-04T08:26:25,Binance는 GO를 나열하고 있습니다,,,,,
2018-09-04T10:33:29,,,,,,
2018-09-05T07:52:02,"NAS/BTC (Binance) 

매수 0.0002750 - 2800

매도 0.0003080 - 3291 - 3444 - 4000

Stop-loss: 0.0002145",,,,,
2018-09-07T06:14:47,"['[신규Bithumb공지]파퓰러스(PPT), 코르텍스(CTXC) 캐시백 이벤트 지급안내  \n', {'type': 'link', 'text': 'https://bithumb.cafe/archives/38707'}, '']",,,,,
2018-09-08T20:02:36,"[{'type': 'hashtag', 'text': '#XBT'}, ' ( BitMEX )\n\nLong XBT/USD\n\nBetween : $6050-$6100\n\nTargets : 10% - 15% - 20% ROI\n\nReason : Trendline Support']",,,,,
2018-09-09T05:55:17,"[{'type': 'link', 'text': 'http://m.coinreaders.com/a.html?uid=2123&section=sc2'}]",,,,,
2018-09-09T11:34:35,,,,,,
2018-09-09T13:36:22,"['트럼프, SEC 신임위원에 암호화폐 친화적 인물 지명… ""비트코인ETF 승인 가능성 커져""\n\n', {'type': 'link', 'text': 'http://coinreaders.com/sub_read.html?uid=2123&section=sc2'}, '']",,,,,
2018-09-10T06:54:06,"['[대형 금융회사 씨티그룹, 증서를 발행하여 암호화폐 거래하는 것을 계획] ', {'type': 'link', 'text': 'https://thenews.asia/ko/news/3323'}, '']",,,,,
2018-09-11T15:13:24,"['시나 뉴스: OKCoin/OKEX 설립자인 스타 쉬(Star Xu)가 상하이 경찰에 의해 조사를 받고 있습니다. 지역 경찰 관계자인 루준(Lu Jun)에 따르면, 수씨는 투자자들에 의해 사기 혐의로 기소 되었고 SH 경찰이 이를 받아들였습니다.\n\n', {'type': 'link', 'text': 'http://finance.sina.com.cn/blockchain/2018-09-11/doc-ihiycyfx2470992.shtml'}, '']",,,,,
2018-09-12T09:11:17,"[{'type': 'hashtag', 'text': '#ETH'}, '\n\n이더리움 공포가 너무 강하지..??\n비탈릭 개객끼!! 한번외치고\n\n원화기준 \n1차 182천~188천\n2차 174천~176천\n3차 165천~170천 에 매수겁니다.\n\n익절은 평단가 대비 5%에 절반익절\n손절은 평단가 대비 3%에 손절']",,,,,
2018-09-14T04:33:37,1USD와 사토시  등가간 상관 관계,,,,,photos/photo_48@14-09-2018_05-33-37.jpg
2018-09-14T10:20:09,"['[이벤트] MFT 원화마켓 오픈 기념 깜짝 이벤트\n', {'type': 'link', 'text': 'https://upbit.com/service_center/notice?id=535'}, '']",,,,,
2018-09-15T10:20:42,"[{'type': 'hashtag', 'text': '#BTC'}, '\n보라색 원으로 표기한 동일 구간에서 반복 저항 받고 있습니다.\n박스권 상단 돌파 전까지는 하락시 지지선을 기다려 매수받고, 상단 도달시 익절 나오는 방식의 매매가 반복됩니다.\n\n6.3k 초중반부는 단기 지지선이 될 수 있으므로 반등 매매가 가능하나 빠른 단타 청산이 요구됩니다.\n6.2k 초반부는 박스권 하단으로 매수 받아 6440~6550$에서 익절,  6.2k 이탈시 손절로 매매를 노려볼 수 있습니다.']",,,,,
2018-09-15T18:18:46,"['[신규Bithumb공지]이오스(EOS) 출금 일시중단 안내  \n', {'type': 'link', 'text': 'https://bithumb.cafe/archives/39158'}, '']",,,,,
2018-09-16T07:26:21,"6550$ 부근을 상단 저항으로 안내드렸으며, 6370$를 단기지지선으로 안내드렸습니다.
비트파이넥스 기준 고점 6572.2$에서 저항 받아 6370$까지 조정받았습니다.

동일한 위치에서 여러차례 반복 저항 받고 하락하는 경우, 돌파에 실패할 가능성이나 쌍고점 패턴을 보고 추가 매도물량이 나올  수 있습니다.

6370$ , 6240-6220$ 이 현재 지지선이며  저항 위치는 6480$, 6550$ 입니다.",,,,,
2018-09-16T15:44:23,"안녕하세요 빅 시그널팀 입니다.
가상화폐 장은 2주전부터 하락세를 맞으면서 알트코인들은 새로운 저점을 맞고 있는 상태입니다. 하지만 장이 다시 회복됨에 따라 상승이 기대되는 알트들을 저점에서 매수하기에 좋기에 금일 모두가 수익을 얻을 수 있도록 월요일, 17일 22시에 가장 저점에 위치해 있는 알트를 공개할 예정입니다.

1.  빅시그널이 무엇인가요?
기술적인, 투자적 분석을 통해 상승할 수밖에 없는 저점의 알트를 공개하는 팀입니다.

2.  타겟: 50 -100%

3.  거래소: 업비트/비트랙스 (BTC 마켓)",,,,,
2018-09-16T18:27:17,RFR이 ADT를 따라갈 것으로 보입니다. RFR을 매입하세요!,,,,,
2018-09-17T09:06:53,"현재 장은 좋은 모습을 보이고 있습니다. 
금일, 어느때보다도 더 큰 수익이 예상되는, 타겟이 100%인 빅시그널이 예정되어 있으니 채널 고정하시기 바랍니다.",,,,,
2018-09-17T10:38:05,"['[신규Upbit공지][입출금] ICX 입출금 일시 중단 안내  \n', {'type': 'link', 'text': 'https://upbit.com/service_center/notice?id=542'}, '']",,,,,
2018-09-17T15:00:11,"['Coin ~ ', {'type': 'bold', 'text': 'RVR'}, '\n\n', {'type': 'link', 'text': 'https://upbit.com/exchange?code=CRIX.UPBIT.BTC-RVR'}, '\n', {'type': 'link', 'text': 'https://bittrex.com/Market/Index?MarketName=BTC-RVR'}]",,,,,
2018-09-17T15:01:33,RVR 매수하세요. 금일 큰 상승을 보일 것입니다.,,,,,
2018-09-18T08:27:40,"[{'type': 'bold', 'text': 'LRC/BTC'}, ' \n\n매수 0.00001350 - 1360\n\n매도 0.00001520 - 1616 - 1702 - 1821 \n\nStop-loss : 0.00001200']",,,,,
2018-09-18T08:28:34,"[{'type': 'bold', 'text': 'SYS/BTC'}, ' \n\n매수 0.00001220 - 1230 \n\n매도 0.00001390 - 1533 - 1635 - 1764 \n\nStop-loss : 0.00001158']",,,,,
2018-09-19T14:31:26,"['메가시그널 공개까지 30분 남았습니다.\n\n', {'type': 'bold', 'text': 'THE BIG'}, ' ', {'type': 'bold', 'text': 'SIGNAL'}, ' will be announced within 30 mins.']",,,,,
2018-09-19T15:00:00,"['Coin ~ LRC\n\n', {'type': 'link', 'text': 'https://upbit.com/exchange?code=CRIX.UPBIT.BTC-LRC'}, '\n', {'type': 'link', 'text': 'https://bittrex.com/Market/Index?MarketName=BTC-LRC'}]",,,,,
2018-09-20T08:21:47,"['[신규huobi코리아공지]9월20일 15:30(한국기준) GRS 상장 관련 공지  \n', {'type': 'link', 'text': 'https://www.huobi.co.kr/ko-KR/notices/316'}, '']",,,,,
2018-09-21T04:45:07,"['[신규Upbit공지][안내] 카카오 SDK 업데이트에 따른 iOS8 업데이트 지원 종료 안내  \n', {'type': 'link', 'text': 'https://upbit.com/service_center/notice?id=551'}, '']",,,,,
2018-09-21T05:30:19,"['중기투자추천 : ', {'type': 'bold', 'text': 'OMG/BTC'}, ' - ', {'type': 'link', 'text': 'https://www.tradingview.com/x/7vsgl6a6/'}, '\n\n진입 포인트: 0.000510 - 512\n\n이익 획득: 0.0000563 - 633 - 690 - 746\n\n권장 손실가: 0.000435\n\n더블바텀을 만들었으며 매집구간입니다.']",,,,,
2018-09-23T19:41:09,"[{'type': 'bold', 'text': 'SALT/BTC'}, ' \n\nBUY : 0.00007700 - 7900\n\nSELL : 0.0008450 - 9600 - 10200 - 11000 \n\nStop-loss : 0.0007100']",,,,,
2018-09-24T04:44:27,"['이것이 저가 BTC를 찾고 있는 것입니다. 우리는 깔끔한 브레이크아웃을 겪은 후 첫 번째 시도에서 저항을 돌파하기 위해 고군분투하고 있습니다.  모두가 지나치게 낙관적이기 때문에 저는 우리가 지원자 자격으로 6600을 다시 테스트 할 것이라고 생각합니다만 그들은 ', {'type': 'phone', 'text': '6450-6500'}, ' 지역으로 저희를 놀라게 할 모든 스탑을 가동할 것입니다. 그리고 나면 6600으로 다시 오를 것이고 6900으로 다시 시험이 가능해질 것으로 기대하고있습니다.']",,,,,
2018-09-24T16:11:51,"[{'type': 'bold', 'text': 'VIB/BTC'}, ' \n\nBUY : 0.00000545 - 555\n\nSELL : 0.00000637 - 692 - 760 - 806 \n\nStop-loss : 0.00000514']",,,,,
2018-09-25T18:41:11,"['구글이 가상화폐통화 광고 금지를 종료하였습니다.\n\n', {'type': 'link', 'text': 'https://www.cnbc.com/2018/09/25/google-reverses-ban-on-cryptocurrency-exchange-advertising-in-us-japan.html'}, '']",,,,,
2018-09-25T20:01:06,[Bittrex_Market]EDR 심볼 추가 확인,,,,,
2018-09-26T10:31:48,,,,,,
2018-09-27T13:13:50,"지금 모든 시장은 너무 지루합니다.

시장은 볼륨면에서 완전히 침체되어 있고 어디든 혼합된 신호를 가지고 있습니다. 지금은 신호를 입력하지 마십시오. 불확실한 시기에는 보호적인것이 중요합니다.",,,,,
2018-09-30T14:27:33,"[{'type': 'bold', 'text': 'KMD/BTC'}, ' \n\nBUY : 0.0001800 - 1805 \n\nSELL : 0.0002005 - 2139 - 2330 - 2573 \n\nStop-loss : 0.0001616']",,,,,
2018-10-01T05:26:49,"[{'type': 'bold', 'text': 'NPXS/BTC'}, ' (Binance) \n\nBUY : 0.00000023 - 24\n\nSELL : 0.00000028 -32 - 36 - 39 - 42 - 45 - 48 \n\nStop-loss : 0.00000019']",,,,,
2018-10-01T08:37:00,"['[신규캐셔레스트_공지][공지] 펀디엑스(NPXS) 에어드랍을 위한 스냅샷 완료 안내  \n', {'type': 'link', 'text': 'https://www.cashierest.com/News/Details/10000309'}, '']",,,,,
2018-10-02T04:05:43,"[{'type': 'hashtag', 'text': '#RDD'}, '/BTC ( Upbit )\n\nBuy 0.00000066 - 62\nSell  0.00000068 - 71 - 75 - 77 - 81 ++\nS.L   0.00000060']",,,,,
2018-10-06T02:36:39,"[{'type': 'hashtag', 'text': '#BTC'}, '\n현재 4시간봉으로 본 차트입니다.\n큰 상승 하락이 한 번씩 있은 후 횡보가 지속되면서 삼각수렴 패턴과 유사하게 형성이 되고 있습니다.\n때문에 패턴매매 관점으로 접근해볼 수 있습니다.\n\n1.\n6650$ 위로 돌파 시, 상단 돌파로 판단하여 매수받아, 다시 6.7k대 기존 강력한 저항 매물대를 뚫어주길 기대해볼 수 있습니다.\n다만 6.7k대의 저항 매물대를 뚫지 못하고 내려오면 홀딩하는 것이 아니라 본절가 부근에서 청산하는 것이 좋습니다.\n\n2.\n6450$ 아래로 이탈시, 하단 이탈로 판단할 수 있으며 이때는 6360$ 부근에서 한 번 되돌림 단기반등이 발생한 뒤 재차 하락하여 6.2k대의 지지를 확인할 가능성이 높습니다.\n\n\n+ 일봉 관점 (위의 이전 차트 참고)\n일봉 관점 대형 삼각수렴 끄트머리에 가까워지면서 거래량이 감소하고 있습니다.\n모든 트레이더들이 보고 있는 패턴이기 때문에 그 힘이 매우 강력할 것이며, 세력이 이를 이용해 이탈이나 돌파에 대해 휩소를 주려고 시도할 가능성도 높습니다.\n(ex. 장대음봉으로 하단 이탈을 시킨 후 손절시켜 대형 장대 양봉으로 추세 반등)\n\n때문에 큰 변동 발생시 이때부터는 추가적인 브리핑을 좀 더 실시간으로 제공해드릴 것입니다.']",,,,,
2018-10-08T07:09:23,"[{'type': 'bold', 'text': 'BCN/BTC'}, ' (Binance) \n\nBUY : 0.00000033 - 34 \n\nSELL : 0.00000037 -  41 - 45 - 47 - 52  \n\nStop-loss : 0.00000028']",,,,,
2018-10-08T07:29:14,"[{'type': 'bold', 'text': 'OK/BTC'}, ' (Bittrex&Upbit) \n\n진입 포인트: 0.00000540 - 570\n\n이익 획득: 0.00000658 - 780  - 879 - 978\n\n권장 손실가: 0.00000460\n\n누적구역이 있습니다.']",,,,,
2018-10-09T06:24:09,"['[신규Bithumb공지]에어드랍 시즌 2 추가안내  \n', {'type': 'link', 'text': 'https://bithumb.cafe/archives/40177'}, '']",,,,,
2018-10-10T05:23:36,"[{'type': 'bold', 'text': 'ZCL/BTC'}, ' (Bittrex&Upbit) \n\n진입 포인트: 0.00052000 - 53500\n\n이익 획득: 0.00058000 - 62400 - 68500 - 76200 - 98000\n\n권장 손실가: 0.00040000\n\n누적구역이 있습니다.']",,,,,
2018-10-10T19:31:13,"[{'type': 'bold', 'text': 'STORI/BTC'}, ' \n\nBUY : 0.00004350 - 4500\n\nSELL : 0.00004930 - 5400 - 5800 - 6533 - 7377\n\nStop-loss : 0.00003890']",,,,,
2018-10-10T19:35:51,"[{'type': 'hashtag', 'text': '#SRN'}, '/KRW ( Upbit )\n\nBuy 95.8 - 94.5\nSell  98 - 100 - 103 - 106 - 109 ++\nS.L   93.8']",,,,,
2018-10-12T10:00:35,"['[신규Upbit공지][이벤트] 센티넬프로토콜(UPP) 원화마켓 오픈 기념 깜짝 이벤트  \n', {'type': 'link', 'text': 'https://upbit.com/service_center/notice?id=575'}, '']",,,,,
2018-10-15T10:53:46,"[{'type': 'bold', 'text': '비트코인 상승(급등) 이유 - 테더 이슈로 인한 매도 \n\n'}, '현재 비트코인 가격이 약 10%가까이 상승한 7,000달러 선에서 거래되고 있습니다. 갑작스러운 비트코인의 가격상승에 이유에 대해 해외에서 USDT 의 이슈가 터졌기 때문이라고 합니다.\n이를 차트와 함께 살펴 보도록 하겠습니다.\n  \n위는 레딧에서 유명한 분석가 Aztiel의 글이고, 오른쪽은 USDT의 가격 차트입니다. 테더의 가격이 1달러보다 현저하게 밑인 0.94달러에 거래되고 있습니다. 이것이 왜 비트코인의 가격 상승의 요인이되냐?\n\n1. USDT(US테더)에 심각한 문제가 발견\n2. USDT를 보유한 사람들이 스테이블 코인이 아닌, 비트코인을 구매.\n(시장가로 비트코인을 긁기 때문에 미친듯한 가격상승이 이루어짐)\n3. 같은 이유로 ETH페어 시장도 크기 때문에 ETH가격도 큰폭으로 상승.\n\n스테이블 코인으로 여겨졌던 USDT가 무너지는게 비트코인 시장에서 문제가 아니냐? 라는 반박도 나오고 있지만, 비트파이넥스에서 USDT를 발행할 때 마다 가격이 큰 폭으로 오르거나 하락하는 모습을 보여왔습니다. 최근, 미국에서 증권계가 포함된 형태로 또 다른 스테이블 코인이 나온다고 하는데 이러한 면으로 봤을 때 악재로는 작용하지 않고 단기적으로 호재로 작용할 것으로 보입니다.']",,,,,
2018-10-17T06:05:19,"[{'type': 'bold', 'text': 'ZIL/BTC'}, ' (Binance)\n\nBUY : 0.00000525 - 531\n\nSELL : 0.0000574 - 623 - 655 - 689 - 712\n\nStop-loss : 0.00000462']",,,,,
2018-10-18T07:04:34,"[{'type': 'bold', 'text': 'SRN/BTC'}, ' (Bittrex,Upbit) \n\nBUY : 0.00001170 - 1200 \n\nSELL : 0.00001389 - 1500 - 1650 - 1820 \n\nStop-loss : 0.00001020']",,,,,
2018-10-18T07:04:51,"[{'type': 'bold', 'text': 'SKY/BTC'}, ' (Binance) \n\nBUY : 0.000550 - 565\n\nSELL : 0.000621 - 663 - 716 \n\nStop-loss : 0.000460']",,,,,
2018-10-19T13:25:31,"[{'type': 'bold', 'text': 'DTA/BTC'}, ' (Bittrex,Upbit) \n\n진입 포인트: 0.00000046 - 47\n\n이익 획득: 0.00000052 - 58 - 63  - 68 - 75 - 84 \n\n권장 손실가: 0.', {'type': 'phone', 'text': '00000042'}, '']",,,,,
2018-10-24T18:34:53,"[{'type': 'bold', 'text': 'BLZ/BTC'}, ' (Binance) \n\nBUY : 0.00001950 - 2000\n\nSELL : 0.00002167 - 2405 - 2564 - 2847 - 3202\n\nStop-loss: 0.00001711']",,,,,
2018-10-24T18:36:33,"[{'type': 'bold', 'text': 'HC/BTC'}, ' (Binance) \n\nBUY : 0.0002900 - 3000\n\nSELL : 0.0003339 - 3709 - 3987 \n\nStop-loss : 0.0002680']",,,,,
2018-10-28T18:05:28,"보시다시피, 알트코인들이 회복됨에 따라, 저가에 좋은 알트코인을 매수하기에 좋은 시점이 다가왔습니다. 이에, 내일, 29일 22시에 (KST) 모두 가 큰 수익을 얻으실 수 있는 저점에 위치한 코인을 공개하겠습니다. 

As you can see, Altcoins are recovering at the same time, it's a good time to buy good Altcoins at low prices. So tomorrow, we will unveil a coin on the 29th at 22:00 (KST), where everyone can make a big profit.

♻️ Exchange: Bittrex / Upbit (BTC market)
🕛 Time: 22시 KST / 13:00 GMT 
📅 Date: Monday - 29th October
👨‍👩‍👧‍👧 Participants: More than 100,000 crypto-investors
🎯 Target: 70 - 150%",,,,,
2018-10-29T05:33:25,"['[신규CoinOne공지]코인원 BTC마켓 오픈 및 신규상장 안내/ Coinone BTC market open &amp; new listing  \n', {'type': 'link', 'text': 'https://coinone.co.kr/talk/notice/detail/476'}, '']",,,,,
2018-10-29T14:01:03,"금일 코인공개까지 1시간 남았습니다!

1h left until the huge call!",,,,,
2018-10-29T14:51:28,"10 분 남았습니다!

10 Mins left!

비트렉스와 업비트에 로그인하세요.
Login to your account in Upbit / Bittrex",,,,,
2018-10-29T14:59:17,"1 분 남았습니다!

1 Minute!",,,,,
2018-10-29T15:00:02,"['Coin ~ EXCL\n\n', {'type': 'link', 'text': 'https://upbit.com/exchange?code=CRIX.UPBIT.BTC-EXCL'}, '\n', {'type': 'link', 'text': 'https://bittrex.com/Market/Index?MarketName=BTC-EXCL'}]",1.0,bittrex,excl/btc,,
2018-10-29T15:00:32,"익스클루시브코인(Exclusive coin)은 보안성이 높은 특징을 갖고 있어, 사용하기가 편리한 가상화폐입니다. 빠른 트랜잭션 속도 또한 갖고 있는 잠재성이 큰 코인입니다. 최근, 이러한 특성을 이용하여 최신 마스터노드 2.0 기술을 적용한 코인을 하드포크 한다는 정보 입수하였습니다.

Expensive coin is a secure, easy-to-use virtual currency. Fast transaction speed is also a highly potential coin. Recently, we learned that using these characteristics, we hard-poke the coin with the latest master node 2.0 technology.",,,,,
2018-11-07T04:22:52,"현재 마켓은 우상향의 패턴을 그리고 있으며, 이에 따라 알트코인 또한 크게 상승이 가능합니다. 저희 메가 시그널팀은 금일 22시, 또한번의 메가시그널을 드릴 예정입니다. 

금일 22시에 찾아뵙겠습니다. 
감사합니다.",,,,,
2018-11-07T14:01:57,금일 코인공개까지 1시간 남았습니다!,,,,,
2018-11-07T14:45:23,15 분 남았습니다!,,,,,
2018-11-07T14:55:25,5 분 남았습니다!,,,,,
2018-11-07T14:59:28,1 분 남았습니다!,,,,,
2018-11-07T15:00:04,"['Coin ~ ', {'type': 'bold', 'text': 'DYN'}]",,,,,
2018-11-07T15:00:12,오늘의 추천코인은 DYN/BTC입니다.,,,,,
2018-11-07T15:01:45,DYN 매수하세요. SRN 보다 큰 상승을 보일 것입니다.,,,,,
2018-11-07T15:05:46,이전에 저희가 공개한 SRN와 EXCL가 오랫동안 상승세에 머물렀던 것을 기억하시기 바랍니다.,,,,,
2018-11-12T04:38:43,"[{'type': 'bold', 'text': 'MEGA PUMP on BINANCE\n\n'}, '안녕하세요 메가시그널 팀입니다. \n\n어제 갑작스러운 하락을 맞아 많은분들께서 당혹스러우실거라 생각됩니다만 알트장은 오히려 반대로, 나쁘지 않은  모습을  보이고 있습니다. \n\n금일 코인 공개는 새로운 접근 방식으로 공개할 예정입니다. 최근 많은 분들의 관심을 가져주신 덕에, 우리가 무슨 코인을 공개할지 많은 분들께서 예측하시려는 시도가 포착되고 있습니다. 이에 따라, 모든분들께서 수익을 얻으실 수 있도록, 매수 한뒤 홀딩하는 방식을 통해 자연스럽게 해당 코인의 가격이 유지되도록 하겠습니다.\n\n현재같은 불안정한 장에서 우리의 메가시그널은 큰 수익을 얻을수 있는 가장 좋은 방법입니다.\n\n기대하시길 바라며, 금일 오후 24시에 뵙겠습니다. \n\n♻️ Exchange: Binance\n🕛 Time: 24시 KST / 15:00 GMT \n📅 Date: 0:00AM - Thursday - 12th November']",,,,,
2018-11-12T15:00:44,금일 코인공개까지 2시간 남았습니다!,,,,,
2018-11-12T16:45:26,15 분 남았습니다!,,,,,
2018-11-12T16:47:40,Exchange : Binance,,,,,
2018-11-12T16:55:02,5 분 남았습니다!,,,,,
2018-11-12T16:59:01,"1 MINS

1 분 남았습니다!",,,,,
2018-11-12T17:00:00,,1.0,binance,via/btc,,photos/photo_49@12-11-2018_18-00-00.jpg
2018-11-12T17:04:19,"[""VIA breakout resistance and forming a huge C&H pattern. \n\nOur targets would be around 0.0002000. \n\nDon't forget it.\n\n"", {'type': 'link', 'text': 'https://www.tradingview.com/x/nTkqO6Az/'}]",,,,,
2018-11-12T17:10:00,"['Next wave is coming!\n\nBuy and ', {'type': 'hashtag', 'text': '#HODL'}, ' ', {'type': 'bold', 'text': 'VIA'}]",,,,,
2018-11-13T07:29:02,"['비트코인 ETF이 승인되었습니다.\n', {'type': 'link', 'text': 'https://t.me/joinchat/AAAAAFJutN9FLpdiVF3z9Q'}, '']",,,,,
2018-11-15T20:54:31,"[{'type': 'bold', 'text': 'LRC/BTC'}, ' \n\nBUY : 0.00001270 -1300 \n\nSELL : 0.00001423 - 1533 - 1631 - 1772 - 1950 (LONG TERM X5-X10)\n\nStop-loss : 0.00001114\n\nLRC/BTC 1W - ', {'type': 'link', 'text': 'https://www.tradingview.com/x/WjRKWDx7/'}, '\n\n+ Triple bottom on the weekly chart\n+ Setting a giant Cup and Handle\n+ Holding its accumulate area']",,,,,
2018-11-21T05:13:25,"MEGA PUMP on BINANCE

안녕하세요 메가시그널 팀입니다. 

어제 갑작스러운 하락을 맞아 많은분들께서 당혹스러우실거라 생각됩니다만 알트장은 오히려 반대로, 나쁘지 않은  모습을  보이고 있습니다. 

금일 코인 공개는 새로운 접근 방식으로 공개할 예정입니다. 최근 많은 분들의 관심을 가져주신 덕에, 우리가 무슨 코인을 공개할지 많은 분들께서 예측하시려는 시도가 포착되고 있습니다. 이에 따라, 모든분들께서 수익을 얻으실 수 있도록, 매수 한뒤 홀딩하는 방식을 통해 자연스럽게 해당 코인의 가격이 유지되도록 하겠습니다.

현재같은 불안정한 장에서 우리의 메가시그널은 큰 수익을 얻을수 있는 가장 좋은 방법입니다.

기대하시길 바라며, 금일 오후 24시에 뵙겠습니다. 

♻️ Exchange: Binance
🕛 Time: 24시 KST / 15:00 GMT 
📅 Date: 0:00AM - Thursday - 22th November",,,,,
2018-11-21T15:01:01,금일 코인공개까지 2시간 남았습니다!,,,,,
2018-11-21T16:45:39,15 분 남았습니다!,,,,,
2018-11-21T17:01:22,"얘들 아.

우리 회원들을 보호하기 위해 오늘 동전을 취소하기로 결정했습니다. 동전이 다른 사람들에 의해 유출되어 너무 많이 일어나기 때문에 불편을 끼쳐 드려 죄송합니다.",,,,,
2018-11-22T12:23:37,"MEGA PUMP on BINANCE

안녕하세요 메가시그널 팀입니다. 

어제 갑작스러운 하락을 맞아 많은분들께서 당혹스러우실거라 생각됩니다만 알트장은 오히려 반대로, 나쁘지 않은  모습을  보이고 있습니다. 

금일 코인 공개는 새로운 접근 방식으로 공개할 예정입니다. 최근 많은 분들의 관심을 가져주신 덕에, 우리가 무슨 코인을 공개할지 많은 분들께서 예측하시려는 시도가 포착되고 있습니다. 이에 따라, 모든분들께서 수익을 얻으실 수 있도록, 매수 한뒤 홀딩하는 방식을 통해 자연스럽게 해당 코인의 가격이 유지되도록 하겠습니다.

현재같은 불안정한 장에서 우리의 메가시그널은 큰 수익을 얻을수 있는 가장 좋은 방법입니다.

기대하시길 바라며, 금일 오후 24시에 뵙겠습니다. 

♻️ Exchange: Binance
🕛 Time: 24시 KST / 15:00 GMT 
📅 Date: 0:00AM - Thursday - 23th November",,,,,
2018-11-22T16:03:56,금일 코인공개까지 1시간 남았습니다!,,,,,
2018-11-22T16:45:03,15 분 남았습니다!,,,,,
2018-11-22T16:56:19,4 분 남았습니다!,,,,,
2018-11-22T16:59:17,"1 MINS

1 분 남았습니다!",,,,,
2018-11-22T17:00:00,,1.0,binance,mod/btc,,photos/photo_50@22-11-2018_18-00-00.jpg
2018-12-03T04:38:40,"업비트 원화상장 목록을 입수 했습니다.
정확한 정보를 확인하였으며 저희 채널 
구독자 여러분들이 모두 수익을 내실수
있도록  공유 예정입니다.
모두 대기 하여 주시길 바랍니다!",,,,,
2018-12-03T06:36:27,"['안녕하세요.  신디케이트의 기록을 뛰어넘어 엄청나게 큰 상승할 코인을 소개합니다.\n\nBTC - ', {'type': 'bold', 'text': 'BLT'}, ' (블룸)\n\n100%이상의 수익을 기대하고 있습니다.\n최근 제가 드린 시그널이 대부분 큰 상승이 있었기에 기대가 큽니다.\n\n\nBuy ', {'type': 'bold', 'text': 'BLT'}, '-BTC IT WILL MOON🚀🚀']",,,,,
2018-12-09T10:21:02,"안녕하세요. 좋은주말입니다. 그렇지만 항상 코인은 잊지마셨으면 합니다.

월요일에 우리는 특별한 계획이있습니다. 저번에 에이드 170%까지 펌핑하신것을 보셨을 겁니다.

알트코인 펌핑이 저번보다 요즘은 굉장히 많이되고 있습니다. 우리 다음계획은 200-300% 펌핑하는 것입니다.

내일 특별한 공지를 하겠습니다. 비트코인을 구매해주시고 엄청난 수익이 나게해드리도록 하곘습니다.

개떡상 기회를 놓치지마세요 고맙습니다 !",,,,,
2018-12-10T06:59:22,"안녕하세요 좋은뉴스를 들고왔습니다.
어제 말씀드린 내용을 안잊으셨으면 합니다.
AID의 170% 의 저번 펌핑처럼 우리는 아주 큰계획을 세우고있습니다.
하지만 오늘은 200-300% 정도의 수익을 드릴 예정입니다. 시장이 회복이 빠름에 따라 그정도도 가능하다봅니다.
저녁에 코인은 발표될 것입니다. 채널을 고정해주세요.
거래소: 업비트 / 비트렉스",,,,,
2018-12-10T10:28:43,"오늘 저녁 발표를 기다리시는 분이 많을텐데요, 우리도 엄청난 계획을 준비중에 있습니다. 구체적인 시간은 오후 9시나 10시사이가 될듯합니다. 그 시간 중에 우리는 시그널을 낼 예정입니다. 우리채널을 계속 확인 및 고정해주세요. 오늘 200-300%는 무조건 장담합니다.",,,,,
2018-12-10T13:48:46,"안녕하세요 
우리는 이미준비되었습니다. 비트코인구매후 200-300% 떡상을 지켜보세요",,,,,
2018-12-10T13:59:17,"블룸을구매하세요.

200%까지 무조건 홀딩하세요
저희는 모든자금을 동원할겁니다",,,,,
2018-12-10T14:04:10,"[{'type': 'bold', 'text': 'BLT\n\n'}, '패닉셀을 하지마시고 상장때까지\n무조건 홀딩하세요']",,,,,
2018-12-10T14:06:16,구매하세요 바이낸스 곧상장할겁니다,,,,,
2018-12-10T14:26:09,"멈추지 말고 구매 하세요!
저희 타겟은 200-300% 입니다
큰 매수벽이 세워지고 있습니다
계속 해서 매수 하시고 홀드 하세요",,,,,
2018-12-12T10:06:28,"['Buy ', {'type': 'bold', 'text': 'BOXX'}, '!']",,,,,
2018-12-12T10:16:42,내 말을 기억하면 BOXX는 곧 달에 갈 것입니다.,,,,,
2018-12-18T16:03:30,"저희 채널은 곧 업비트 원화 상장 및
바이낸스 상장 예정 코인에 대한
정보를 받았습니다.
거래소 관계자로부터 받은 정보이며
곧 저희 채널에 공개 예정 입니다.

이전 AID(170%) 와 BLT(100%) 를
기억하고 계실 겁니다.
이 코인들은 1월에 거래소 공지 예정이며
발표전 미리 매수하실수 있도록 알려드릴
예정 입니다.
100-200% 상승 예상되며 최대한 
빠르게 공유 해드리겠습니다.
모두 다 같이 큰 수익을 내실수 있도록
분석후 빠르게 공개 해드리겠습니다.",,,,,
2018-12-19T05:37:59,"안녕하세요 여러분
오늘 마켓은 정말 좋아보입니다. 비트코인이 떡상중이고 곧 4k도달을 눈앞에 더고 있습니다. 게다가 알트코인도 잇따라서 펌핑중입니다.
저희는 이런기간동안 엄청난 상승이 기대되는 코인에 대한 힌트를 드릴예정입니다.
무섭게 상승할것이라 생각되며 시장이 회복함에따라 수익은 더욱더 늘것입니다.

저녁에 시간을 비워두고 대기해주세요
우리가 곧 보내드리도록 하겠습니다",,,,,
2018-12-19T06:55:12,안녕하세요 현재 동남아 그룹이 펌핑예정인 코인을 찾아냈습니다.,,,,,
2018-12-19T07:03:04,다이내믹 매수하세요 금일 저녁펌핑예정입니다,,,,,
2018-12-19T07:14:10,"[{'type': 'bold', 'text': 'DYN\n\n'}, '다이내믹 좋은가격입니다. 타겟은 2만사토시입니다. 여러분에게 충분히 매수할시간 드리겠습니다.']",,,,,
2018-12-23T04:17:08,"안녕하십니까 여러분
메리 크리스마스입니다❤️
에이드 170%(AID) 와 블룸 100%(BLT)
상승을 잊지는 않으셨을거라봅니다.
원화상장이 예정되있는 코인을 하나소개해드리려고 합니다. 200% 상승 예상합니다. 오후 9시 10시사이에 알려드릴것이며 기회를 절대로 놓치지마세요. 크리스마스때 기분좋게 보내도록 도와드리겠습니다.
더 많은 정보가 업데이트 될때까지 기다려주세요.",,,,,
2018-12-23T13:33:04,모두 행복한 크리스마스 전 주말을 맞이하길 바랍니다  그러나 9시까지 와주세요. 여러분이 시그널을 놓치는것을 원하지않습니다. 원화마켓에 상장될코인을 이번에 말씀드리겠습니다. 모두가 큰수익을 벌것이라 장담합니다,,,,,
2018-12-23T14:00:17,"1월중 모네터리유닛은 빗썸과 업비트
원화상장 예정에 있습니다.
매수 하시고 홀드 하세요
현재가로 부터 100% 이상 상승 가능 합니다.",,,,,
2018-12-23T14:04:01,세력이 20 비트코인의 매수벽을 쳐놨습니다. 더 올라가기전에 매수하세요,,,,,
2019-01-06T16:00:49,"저희가 추천코인을 포스팅 해드리면
최소 40%에서 최대 160%까지 상승
하는걸 알고 계실겁니다.
내일 2019년도 새해의 대막을 장식할 
코인을 해외 채널보다 더 빠르게 알려드릴 예정입니다. 팩트확인 완료 하였으며
내일 저녁에 업로드 하겠습니다.
채널 대기 해주세요❤️",,,,,
2019-01-18T06:11:04,"[{'type': 'bold', 'text': 'REQ/BTC'}, ' (Binance) \n\nBUY : 0.00000608 - 614 \n\nSELL : 0.00000679 - 719 - 804 - 888 - 1009 - 1162 \n\nStop-loss  : 0.00000445']",,,,,
2019-01-19T05:30:09,"[{'type': 'bold', 'text': 'TNB/BTC'}, ' (Binance) \n\nBUY : 0.00000080 - 84 \n\nSELL : 0.00000091 - 104 - 111 - 127 - 140 - 153 - 172 - 195 \n\nStop-loss : 0.0000070']",,,,,
2019-03-05T12:41:49,Buy SIB it will moon,,,,,
2019-03-05T14:23:57,"72% - 우리는 돌아왔다.
We are back!",,,,,photos/photo_51@05-03-2019_15-23-57.jpg
2019-03-05T14:24:39,"잠시후 긴급하게 개발자의 소식을 들었습니다.  10시에 BTC마켓 시그널을 드리도록 하겠습니다.

I will give u signal in 30mins staytune. exchange: bittrex",,,,,
2019-03-05T14:59:15,"['크라운 ', {'type': 'hashtag', 'text': '#CRW'}, ' 매수하시길 바랍니다.\n\n이번 개발자 미팅 에서 업비트 측에 상당한 양의 크라운을 지불했다는 NDA를 저희 쪽 인사이더가 입수했습니다. \n원화상장지불에 대한 코인 지불은 미리되므로 \n긴급하게 생각되어 늦은밤에 매수시그널 드립니다. \n\n크라운 매수하세요 큰상승이 기대됩니다.\n\nBUY ', {'type': 'hashtag', 'text': '#CRW'}, ' FOR AND WAIT FOR KRW PAIR IN UPBIT , THEY WILL ANNOUNCE SOON.']",,,,,
2019-03-14T15:22:44,"POWR/BTC 

BUY : 0.00002750 - 2850

SELL : 0.00003096 - 3471 - 3949 - 4426

Stop-loss : 0.00002150",,,,,
2019-03-21T13:45:09,"Buy RFR it will moon! 

Next pump signal from our team.",,,,,
2019-03-21T13:46:08,"['Buy now ', {'type': 'hashtag', 'text': '#RFR'}, ' \n\nTarget 110 sats']",,,,,
2019-03-22T15:55:26,"['Buying DNT around 365 sats. Old resistance turned into support.\n\n', {'type': 'link', 'text': 'https://www.tradingview.com/x/aKgpE1nt/'}]",,,,,
2019-03-24T14:58:07,"금일 오후 10시 30분에 시그널드리도록하겠습니다. 주말을 마지막으로 큰수익을 드리도록 하겠습니다. 시그널을 보신분은 아시겠지만 5분이내에 매수하신분은 큰수익을 가져가셨습니다.

I will give u huge signal in 30mins stay tune Exhcnage:bittrex",,,,,
2019-03-24T15:29:52,"['오늘의 추천코인은 \n\n——BTC-SWT——\n\n스웜시티토큰 입니다.\n\n이시그널은 5분 이내에 보셨다면 매수하세요 큰 상승이 기대됩니다.\n5분이내에매수하신분은 항상 100%이상의 수익을 가져가셨습니다.\n\n제가 추천드리는 이유는 다음과 같습니다.\n업비트 KRW페어 연동테스트가 발견되었습니다.\n\nBUY ', {'type': 'hashtag', 'text': '#SWT'}, '  IN UPBIT IT WILL MOON KRW PAIR API DETECTED']",,,,,
2019-03-24T15:30:16,,,,,,photos/photo_52@24-03-2019_16-30-16.jpg
2019-03-24T15:31:40,원화상장전까지 매수하시길 바랍니다 . 30분이후 100%이상까지 펌핑시킬예정입니다. 그전까지 매수하시길 바랍니다 buy at dip now,,,,,
2019-03-24T15:34:45,현재 저가에 있으므로 여러분들이 미리 저렴한가격에 매수하실수 있습니다. 기회를 놓치지 마시길 바랍니다. 빠르게 매수하세요. buy fast and hold,,,,,
2019-03-24T15:42:37,11시까지 매수하시길 바랍니다. 100% 이상까지 상승시키겠습니다.  buy at dip and hold,,,,,
2019-03-24T15:53:29,원화상장시 약 200%넘는 수익이 기대됩니다. 현재가에 매수하시고 홀딩하시기 바랍니다. 믿고 매수하셔도 좋습니다. krw pair expected hold tight till 200%,,,,,
2019-03-24T18:36:47,"뱅크엑스 매수하시길 바랍니다.

현재 STO 증권코인으로 레이븐과 폴리매쓰가 큰 상승중에 있습니다. 하지만 뱅크엑스의 시총은 고작 16억원어치로 아주 낮은축에 속합니다.
따라서 현재가격은 정말 매력적인 가격이라 할수 있습니다. BKX 매수하시길 바랍니다 목표가 300% 제시합니다.

BUY BKX IT WILL PUMP 300%",,,,,
2019-03-24T18:37:31,,,,,,photos/photo_53@24-03-2019_19-37-31.jpg
2019-03-24T18:39:04,중장기로 홀딩하겠으며 목표가 300% 제시합니다 늦지않게 매수하시길 바랍니다. BUY AT DIP NOW,,,,,
2019-03-24T18:44:12,,,,,,photos/photo_54@24-03-2019_19-44-12.jpg
2019-03-24T18:51:48,지금도 아직 현저히 저가이기떄문에 새벽에 운좋게 저희시그널을 보신분은 저가에 매수하실수있습니다. STO 증권코인인 뱅크엑스를 매수하세요 큰상승이 기대됩니다.  BUY BKX HOLD TILL 300% TARGET,,,,,
2019-03-24T18:57:29,아직 목표가인 300%에 도달하지않았기 떄문에 시그널을 보신분은 홀딩하시길 바랍니다. 늦지않게 매수하시도록 바랍니다. BUY BKX IT WILL PUMP HARD VERY LOW CAP 300% EASY,,,,,
2019-03-24T19:02:46,아직까지 40%수익뿐이 못드려서 유감스럽습니다. 하지만 새벽에 일찍 시그널을 드린것은 여러분들이 저가에 매수하실수있는 기회를 드리기 위해서입니다. 뱅크엑스 매수하세요 큰수익드리겠습니다. BUY BKX IT WILL MOON HARD,,,,,
2019-03-24T19:15:51,,,,,,photos/photo_55@24-03-2019_20-15-51.jpg
2019-03-24T19:38:25,100% 가까운 수익입니다. 여러분들에게 큰수익드릴수있어서 기쁩니다.  almost 100% profit I hope u get profit this time,,,,,photos/photo_56@24-03-2019_20-38-25.jpg
2019-03-27T07:01:52,"['Sell everything buy DNT - Breakout confirmed \n\n', {'type': 'link', 'text': 'https://www.tradingview.com/x/3HVLqdqj/'}]",,,,,
2019-03-28T10:13:24,"금일 오후 6시에 BTC마켓 시그널을 드리도록하겠습니다. 아시는분은 아시겠지만 시그널을 보고 매수하신분은 최소 50% 이상의 수익을 얻어가셨습니다.

I WILL GIVE U HUGE SIGNAL IN 47MINS STAY TUNE EXCHANGE:BITTREX",,,,,
2019-03-28T10:59:51,"['오늘의 추천 코인은 업비트에 상장된 ', {'type': 'hashtag', 'text': '#SYNX'}, ' 신디케이트입니다.\n\n제가 신디케이트 ', {'type': 'hashtag', 'text': '#SYNX'}, ' 를 추천드리는 이유는 다음과 같습니다. 디스코드에 따르면 최근 신디케이트 개발자가 신규상장(대형거래소)을 목표로 하고 있음을\n공지하였습니다.  이는 큰 호재이며 자사코인의 가치를 올리기위해 약 20억의 바이백을 실시한다는 소식입니다.\n현재 신디케이트의 시총은 매우 낮으며 20억바이백시 그가치는 3배이상 상승 할수 밖에없습니다. 이시그널을 보신후 무조건 매수하시길 바랍니다.\n\nBUY ', {'type': 'hashtag', 'text': '#SYNX'}, ', NEW EXCHANGE(TOP3 exchange), BUY BACK NEWS COMING SOON. READY FOR RIDE TO THE MOON']",,,,,
2019-03-28T11:02:03,오랜만에 드리는 시그널이니 만큼 큰수익드리도록하겠습니다 금일 한시간후 100퍼센트이상까지상승시키겠습니다. 그때까지 매수하시길 바랍니다. BUY AND HOLD TARGET 100% TODAY,,,,,
2019-03-28T11:02:39,"[{'type': 'link', 'text': 'https://coinpan.com/?error_return_url=%2F&vid=&mid=index&act=IS&is_keyword=%EC%8B%A0%EB%94%94%EC%BC%80%EC%9D%B4%ED%8A%B8'}]",,,,,
2019-03-29T06:31:21,"[{'type': 'bold', 'text': 'MITH/BTC'}, ' (Binance) \n\nBUY : 0.00001105 - 1150\n\nSELL : 0.00001174 - 1270 - 1365 - 1500 - 1673\n\nStop-loss : 0.00000850']",,,,,
2019-03-29T13:00:45,"Today we will give you MEGA signal that can help make huge profit.

Time: 12:00 GMT / 21:00 KST

Target: 20 - 40%

Don’t miss it and stay tuned!",,,,,
2019-03-29T14:00:38,"DNT 매수하시길 바랍니다. 카카오톡 파트너쉽이 예정되어있다는 정보를 입수하였습니다.  

카카오톡같은경우 4400만 유저가 실접속하고 있는 메신저입니다. 

큰상승이 기대됩니다 . 


BUY DNT IT WILL MOON LIKE ENJIN",,,,,
2019-03-29T14:03:06,,,,,,photos/photo_57@29-03-2019_15-03-06.jpg
2019-03-30T13:46:29,"[{'type': 'bold', 'text': 'CDT/BTC'}, ' \n\nBUY : 0.00000240 - 242 \n\nSELL : 0.00000262 - 288 - 325 - 373 \n\nStop-loss : 0.00000203']",,,,,
2019-03-30T13:53:05,"[""If you're a fractal fan - let's look at the chart \n\nLast chance to accumulate your "", {'type': 'hashtag', 'text': '#CDT'}, ' before huge waves coming\n\n', {'type': 'link', 'text': 'https://www.tradingview.com/x/UFOAx9gN/'}]",,,,,
2019-03-31T13:00:15,"✉️ Hello Sunday. Today our team will be announced BEST SIGNAL OF THE WEEK at 12:00 GMT. Which is the best signal we have analyzed thoroughly based on Technical Analysis and Fundamental Analysis.

Target: 20 - 50% in short-term.

We will back at 12:00 GMT. Stay tuned!

금일 오후 9시에 시그널을 드리도록하겠습니다 .",,,,,
2019-03-31T14:00:10,"['COIN ', {'type': 'hashtag', 'text': '#BCPT'}]",,,,,
2019-04-02T13:13:04,"[{'type': 'bold', 'text': 'MITH/BTC'}, ' (Binance) \n\nBUY : 0.00001040 - 1050\n\nSELL : 0.00001174 - 1270 - 1365 - 1500 - 1673\n\nStop-loss : 0.00000850']",,,,,
2019-04-02T13:29:37,"[{'type': 'bold', 'text': 'SPND/BTC'}, ' (Bittrex,Upbit) \n\nBUY : 0.00002080 - 2120 \n\nSELL : 0.00002473 - 2821 - 3102 - 3383 - 3782 - 4292 \n\nStop-loss : 0.00001912']",,,,,
2019-04-09T05:18:11,SPND 매수하세요. 금일 큰 상승을 보일 것입니다,,,,,
2019-04-12T06:51:40,"RFR/BTC 

매수(BUY) 41 - 42

매도(SELL) 50 - 56 - 63 - 68 - 79 - 84 

Stop-loss : 35",,,,,
2019-04-20T13:58:22,"CND/BTC (Binance) 

BUY : 0.00000380 - 390

SELL : 0.00000409 - 468 - 520 - 631

Stop-loss : 0.00000306",,,,,
2019-04-20T14:01:57,"EVX/BTC (Binance)

BUY : 0.00015400 - 15500

SELL : 0.00016100 - 16600 - 17460 - 18320

Stop-loss : 0.00013900",,,,,
2019-04-21T02:39:16,"AGI/BTC (Binance)

BUY : 0.00000901 - 923 sats

SELL : 0.00000990 - 1111 - 1220 - 1350

Stop-loss : 0.00000820",,,,,
2019-04-22T05:25:55,"QSP/BTC (Binance) 

BUY : 0.00000488 - 495

SELL : 0.00000511 - 570 - 620 - 745

Stop-loss : 0.00000438",,,,,
2019-04-24T08:47:49,"['Buy ', {'type': 'hashtag', 'text': '#MFT'}, ' it will moon like ', {'type': 'hashtag', 'text': '#BITB'}]",,,,,
2019-04-24T09:17:27,"[{'type': 'hashtag', 'text': '#RDD'}, ' buy 34 \n\n둘다 펌핑 될것입니다.']",,,,,
2019-04-24T13:41:58,"['There is rumor ', {'type': 'cashtag', 'text': '$CELR'}, ' will joins Binance Chain as well. \n\nYou can accumulate here around 260 sats as massive bottom']",,,,,
2019-04-27T12:11:07,"ADX/BTC 

BUY : 0.00002700 - 2750

SELL : 0.00003100 - 3600 - 3996 - 4250 - 4408 - 5030 - 5599 

Stop-loss : 0.00002500",,,,,
2019-05-03T11:20:16,"[{'type': 'bold', 'text': 'WPR/BTC'}, ' (Binance) \n\nBUY : 0.00000190 - 200\n\nSELL : 0.00000231  - 258 - 281 - 303 - 354\n\nStop-loss : 0.00000180']",,,,,
2019-05-03T11:21:31,"[{'type': 'bold', 'text': 'DATA/BTC'}, ' (Binance) \n\nBUY : 0.00000310 - 315\n\nSELL : 0.00000363 - 420 - 480 - 525 - 565\n\nStop-loss : 0.00000290']",,,,,
2019-05-03T12:51:47,"[{'type': 'bold', 'text': 'NCASH/BTC'}, ' \n\nBUY : 0.00000031 - 33\n\nSELL : 0.00000036 - 38 - 44 - 47 - 52 - 60\n\nStop-loss : 0.00000028']",,,,,
2019-05-07T09:50:12,"[{'type': 'bold', 'text': 'OCEAN/BTC'}, ' (Bittrex) \n\nBUY : 0.00000520 - 530 \n\nSELL : 0.00000580 - 630 - 719 - 800 - 1000+ \n\nStop-loss : 0.00000420\n\n', {'type': 'link', 'text': 'https://international.bittrex.com/Market/Index?MarketName=BTC-OCEAN'}]",,,,,
2019-05-09T14:34:08,AMP 매수하세요. 금일 큰 상승을 보일 것입니다,,,,,
2019-05-14T17:56:31,3 mins to the bullish coin,,,,,
2019-05-14T18:12:24,"['Buy ', {'type': 'cashtag', 'text': '$CDT'}, ' it will moon']",,,,,
2019-05-17T09:57:57,Starting to pick up LENDBTC likely breakout ascending triangle . Targets 127 - 139 - 153,,,,,photos/photo_58@17-05-2019_10-57-57.jpg
2019-05-17T16:15:45,"['📣Official ', {'type': 'bold', 'text': 'Wolf Pump Signal'}, ' Announcement:\n\nBTC is making a major correction after the recent rally. As always this is good news because this implies recovery of investor confidence in altcoins. Everything is in our favor for a great pump with market conditions currently. Let wake up altcoin market on tomorrow.\n\nThe details are below;\nDate: ', {'type': 'phone', 'text': '18-05-2019'}, '\nTime: 17:00 GMT\nExchange: Binance\nCountdown: ', {'type': 'link', 'text': 'https://www.timeanddate.com/countdown/launch?iso=20190518T17&p0=%3A&msg=Wolf+Pump+Signal&font=cursive'}, '\n\nPump coming soon, join now: ', {'type': 'link', 'text': 'https://t.me/joinchat/AAAAAE7Fj4ylRB-LG-tPVw'}, '']",,,,,
2019-05-19T04:25:09,VBK 매수하세요. 금일 큰 상승을 보일 것입니다,,,,,
2019-05-19T17:01:30,"['REN 매수하세요. 금일 큰 상승을 보일 것입니다\n\n', {'type': 'link', 'text': 'https://www.binance.com/en/trade/REN_BTC'}, '']",,,,,
2019-05-20T07:38:27,"['MOC 매수하세요. 금일 큰 상승을 보일 것입니다\n\n', {'type': 'link', 'text': 'https://upbit.com/exchange?code=CRIX.UPBIT.KRW-MOC'}, '']",,,,,
2019-05-20T09:44:34,"['Low sats are running. Buy REN at current price. It will go to the moon today.\n\n', {'type': 'link', 'text': 'https://www.binance.com/en/trade/REN_BTC'}]",,,,,
2019-05-20T10:51:22,"['GO 매수하세요. 금일 큰 상승을 보일 것입니다\n\n', {'type': 'link', 'text': 'https://upbit.com/exchange?code=CRIX.UPBIT.BTC-GO'}, '']",,,,,
2019-05-21T04:58:43,XHV 매수하세요. 금일 큰 상승을 보일 것입니다,,,,,
2019-05-23T12:32:27,Buy SNGLS now. It will go to the moon!,,,,,
2019-05-23T18:50:24,Whales are in MTH,,,,,photos/photo_59@23-05-2019_19-50-24.jpg
2019-05-24T19:13:15,"['Buying some ', {'type': 'cashtag', 'text': '$MITH'}, ' here\n\nBinance Chain coins could pump like Binance IEOs next, ', {'type': 'cashtag', 'text': '$PHX'}, ' / ', {'type': 'cashtag', 'text': '$PHB'}, ' pumped over 2x in a few days and I can see money moving into the other Binance chain coins like Mithril 💎']",,,,,
2019-05-25T16:28:20,Picked up AE at 740. Hard Fork on 28 May. It could be big.,,,,,photos/photo_60@25-05-2019_17-28-20.jpg
2019-05-26T17:16:46,"Starting to pick up BQX at 1830. Looking strong IMO, RSI started going up again, price above MA9 as well.",,,,,
2019-05-26T23:25:54,"['Bought a bag of ', {'type': 'cashtag', 'text': '$ARN'}, ' on Binance, under 10M market cap with only 20M total supply with 95% already in circulation 💎']",,,,,
2019-05-27T07:20:34,"[{'type': 'bold', 'text': 'POLY/BTC'}, ' \n\nBUY : 0.00001180 - 1200 \n\nSELL : 0.00001320 - 1440 - 1540 \n\nStop-loss : 0.00001060']",,,,,
2019-05-27T20:41:59,"['Bought a bag of ', {'type': 'cashtag', 'text': '$DOCK'}, ' on Binance, under 7M market cap only 💎\n\nIt will follows WPR as well']",,,,,
2019-05-27T21:00:13,"DOCK doesnt look too bad either, grabbed some at 168.  Seems to me most big sells were taken out in these two candles, I could see this 4hr ending up around 200 with a nice wick",,,,,
2019-05-28T09:00:46,"['Bought a bag of ', {'type': 'cashtag', 'text': '$TNT'}, ' on Binance. It likely to pump like AST 👀']",,,,,
2019-05-28T09:06:16,TNT has to make a similar pump AST did,,,,,photos/photo_61@28-05-2019_10-06-16.jpg
2019-05-28T09:06:16,,,,,,photos/photo_62@28-05-2019_10-06-16.jpg
2019-05-28T12:44:49,"['Bought a bag of ', {'type': 'cashtag', 'text': '$DNT'}, ' on Binance. Look some huge buying is coming!\n\n', {'type': 'link', 'text': 'https://www.binance.com/en/trade/DNT_BTC'}]",,,,,
2019-05-28T12:49:47,If you're remember what i said on DOCK & TNT then buy DNT at now dip ;),,,,,
2019-05-28T14:09:19,"TNT is pumping hard, again buy DNT it would be bigger :)",,,,,
2019-05-29T04:38:27,Buying IOTX at 133. Looking good imo,,,,,
2019-05-31T09:41:18,"['Also bought a bag of ', {'type': 'cashtag', 'text': '$HC'}, ' here. Seems will follow ', {'type': 'cashtag', 'text': '$RDN'}]",,,,,photos/photo_63@31-05-2019_10-41-18.jpg
2019-05-31T10:41:38,"['Buying ', {'type': 'cashtag', 'text': '$GTO'}, ' here. All Binance coins are starting move 📈']",,,,,
2019-05-31T12:31:55,I'm going to book profit HC now,,,,,
2019-05-31T12:32:03,"['Moving funds to ', {'type': 'cashtag', 'text': '$GXS'}, "". It's looking strong, possible boom!""]",,,,,
2019-05-31T14:53:26,"[""i'm adding more "", {'type': 'cashtag', 'text': '$GTO'}, ', looking for next leg up after retracement']",,,,,
2019-05-31T16:02:33,"▪️Flash Pump Alert ▪️

After the Succesful YOYO & QSP pump and the good feedbacks we got, we will run another
FREE Pump in 58 minutes from now on! (15:00 GMT)

We will choose a coin that is green but didnt make much gains and we will kick it to our targets which are 35% and 50% in short term !

Binance exchange, BTC pair.",,,,,
2019-05-31T16:51:10,10 mins left,,,,,
2019-05-31T16:55:42,"5 mins left

Next post will be coin name!",,,,,
2019-05-31T17:05:36,The pump has cancelled.,1.0,,,CANCELLED,
2019-05-31T19:21:04,All binance coins continuation its upward trend. I'm buying more GTO,,,,,
2019-06-01T11:20:12,Buying NAS here. Looking good imo,,,,,
2019-06-01T11:22:17,NAS is going to breakout its resistance soon,,,,,photos/photo_64@01-06-2019_12-22-17.jpg
2019-06-01T15:08:07,NAS is breaking out guys. Get in now or will be late,,,,,photos/photo_65@01-06-2019_16-08-07.jpg
2019-06-01T18:36:35,"['Buying DLT here. Seems will follow EVX pump\n\n', {'type': 'link', 'text': 'https://www.binance.com/en/trade/DLT_BTC'}]",,,,,
2019-06-02T07:37:36,"Also bought a bag of ARN now. Likely continuation its upward trend. 

FA: Just announced joining binance chain 
TA: Possible accumulation spring & uptrend channel",,,,,
2019-06-02T13:05:30,Buying FET here.,,,,,
2019-06-02T17:38:51,Rebuy TFUEL here,,,,,
2019-06-03T06:00:26,Buying RCN here. Looking for a next leg up from now on,,,,,
2019-06-03T11:32:55,We will give you an huge signal on 11 GMT. Stay tuned!,,,,,
2019-06-03T12:50:46,10 mins left to huge signal,,,,,
2019-06-03T12:55:37,"5 mins left, next post will be the coin name",,,,,
2019-06-03T13:00:03,"['Coin ~ ', {'type': 'cashtag', 'text': '$WPR'}]",,,,,
2019-06-03T13:09:16,"['Buy ', {'type': 'cashtag', 'text': '$WPR'}, ' now. Next wave is coming!']",,,,,
2019-06-03T13:14:58,"['Buy ', {'type': 'cashtag', 'text': '$WPR'}, ' we will push it to 170 soon\n\n', {'type': 'link', 'text': 'https://www.binance.com/en/trade/WPR_BTC'}]",,,,,
2019-06-03T21:37:51,Buying KEY here,,,,,
2019-06-04T12:54:43,"[""Buying APPC here. It's fucking bottom now\n\n"", {'type': 'link', 'text': 'https://www.binance.com/vn/trade/APPC_BTC'}]",,,,,
2019-06-04T13:09:42,We will give you an huge signal on 12 GMT. Stay tuned!,,,,,
2019-06-04T13:55:08,"5 mins left

Next post will be coin name, prepare for huge thing!",,,,,
2019-06-04T14:01:33,"['Coin ~ APPC\n\n', {'type': 'link', 'text': 'https://www.binance.com/vn/trade/APPC_BTC'}]",,,,,
2019-06-04T14:08:01,"['Buy ', {'type': 'cashtag', 'text': '$APPC'}, '. It will pump 100% next days\n\n', {'type': 'link', 'text': 'https://www.binance.com/vn/trade/APPC_BTC'}]",,,,,
2019-06-04T18:55:44,Buying IOTX at 130. Looking good imo,,,,,
2019-06-07T06:35:06,"['Buying TNB here 62 sats. Looking for a bounce!\n\n', {'type': 'link', 'text': 'https://www.binance.com/en/trade/TNB_BTC'}]",,,,,
2019-06-07T09:41:54,"['Buying CVC here. Seems will follow ARDR\n\n', {'type': 'link', 'text': 'https://www.binance.com/en/trade/CVC_BTC'}]",,,,,
2019-06-07T09:53:46,"['Buying POWR as well\n\n', {'type': 'link', 'text': 'https://www.binance.com/en/trade/POWR_BTC'}]",,,,,
2019-06-07T15:46:20,CVC currently trading above EMA. It could be hit 1100 sats this day. Buy now.,,,,,
2019-06-07T17:44:08,Buying POE at the break out here.,,,,,photos/photo_66@07-06-2019_18-44-08.jpg
2019-06-07T18:11:29,"['Whales are in ', {'type': 'cashtag', 'text': '$POE'}]",,,,,
2019-06-08T07:53:06,Buying STEEM at 477. Target 10 - 20%,,,,,
2019-06-08T09:40:00,I am buying some POWR here. Looking for a next leg up!,,,,,
2019-06-08T12:08:26,"Buying RCN at 406 sats

Holding both POWR & RCN for 10 to 15% profit from here",,,,,
2019-06-08T12:55:27,Buy PAL. It will moon,,,,,
2019-06-08T13:33:37,"▪️Flash Pump Alert ▪️

After the Succesful WPR pump and the good feedbacks we got, we will run another
FREE Pump in 87 minutes from now on! (13:00 GMT)

We will choose a coin that is green but didnt make much gains and we will kick it to our targets which are 35% and 50% in short term !

Binance exchange, BTC pair.",,,,,
2019-06-08T14:45:27,15 mins left!,,,,,
2019-06-08T14:56:17,"5 mins left, next post will be coin name! 

Don't forget how WPR did before",,,,,
2019-06-08T15:00:02,"['Coin ~ ', {'type': 'cashtag', 'text': '$REQ'}, '\n\n', {'type': 'link', 'text': 'https://www.binance.com/en/trade/REQ_BTC'}]",,,,,
2019-06-09T05:09:27,"금일 오후 12시 30분에 역대급 상승률 뛰어넘 원화 마켓 시그널을 드리도록 하겠습니다. 기대하셔도 좋습니다.

I will give u huge signal in 35mins stay tune.

Exchange: Upbit / bittrex",,,,,
2019-06-09T05:29:30,"['Buy ', {'type': 'cashtag', 'text': '$MANA'}]",,,,,
2019-06-09T05:31:47,"['디센트럴랜드(', {'type': 'hashtag', 'text': '#MANA'}, ') 코인 관련 소식때문에 현재 크게 펌핑되고 있으며 1차 타겟은 60%이상입니다. 무조건 홀딩하시기 바라며 2차타겟 300%까지는 저희가 시장가매수를 시작하도록하겠습니다.\n\nBUY ', {'type': 'hashtag', 'text': '#MANA'}, ' first target 60% but hold to 300% Our team will buy ', {'type': 'hashtag', 'text': '#MANA'}, ' as market price to 300%.']",,,,,
2019-06-09T05:52:25,"['디센트럴랜드 ', {'type': 'hashtag', 'text': '#MANA'}, ' 현재가 기관매수중이며 의도적눌림이 있을 수 있습니다. 매집완료후 크게 상승예정이니 무조건 매수하시고 홀딩하시기바랍니다.\n\nBUY AND HOLD ', {'type': 'hashtag', 'text': '#MANA'}, ' time to moon soon']",,,,,
2019-06-10T15:11:08,Buying MTH here. Looks bullish,,,,,
2019-06-10T18:20:02,Buying PPT here now. Should make a next leg up,,,,,
2019-06-11T08:59:06,I'm buying APPC here. Break out ascending triangle likely,,,,,
2019-06-12T07:05:12,Buying BCD. It will follows BTG,,,,,
2019-06-12T15:48:37,"['Buying a bag of Gifto ', {'type': 'cashtag', 'text': '$GTO'}, "" here\n\nTechnically it's the only Binance IEO that hasn't pumped yet, expecting it to follow "", {'type': 'cashtag', 'text': '$MITH'}, ' with dumb money, still around a 10 million market cap coin and they just migrated to Binance Chain']",,,,,
2019-06-13T17:56:17,We will give you a bottom signal in 4 mins. Stay tuned!,,,,,
2019-06-13T18:00:02,Coin ~ CDT,,,,,
2019-06-13T18:01:35,CDT has just break out and test trend completed,,,,,photos/photo_67@13-06-2019_19-01-35.jpg
2019-06-14T12:33:16,"['Bear market has been making rounds and we have decided to drop in some help to you guys. Here is a freebie channel with no premium 🎯\n\n- predictions\n- free entries\n- news articles\n\nand everything else about crypto in one place ⬇️\n\n', {'type': 'link', 'text': 'https://t.me/joinchat/AAAAAFJutN9FLpdiVF3z9Q'}, '']",,,,,
2019-06-14T20:38:46,"['Buy ', {'type': 'cashtag', 'text': '$AST'}, ' now. Looking for a recovery\n\n', {'type': 'link', 'text': 'https://www.binance.com/en/trade/AST_BTC'}]",,,,,
2019-06-15T09:44:13,"['Buy some ', {'type': 'cashtag', 'text': '$DOCK'}, ' here \nThe target will be at 173 - 176 - 183\n Have stop loss at 147\n\nStrong support is working very well\n\n', {'type': 'link', 'text': 'https://www.tradingview.com/x/37fFhGKI/'}]",,,,,
2019-06-15T10:07:39,DOCK will follows WPR as well,,,,,
2019-06-15T11:30:03,"[""DNT looking for a recovery after 35% dump yesterday\n\nI'm going to buy some DNT now here\nThe target will be at 234 - 243 - 253\nHave stop loss at 205\n\n"", {'type': 'link', 'text': 'https://www.tradingview.com/x/HeBfh7cN/'}]",,,,,
2019-06-16T09:06:58,Buying some CDT here. Looking bullish!,,,,,
2019-06-16T13:11:30,"['Buying some AMB here. I feel a pump is in the air of it 🚀\n\n', {'type': 'link', 'text': 'https://www.binance.com/en/trade/AMB_BTC'}, '']",,,,,
2019-06-16T18:05:09,"['Buying ', {'type': 'cashtag', 'text': '$LEND'}, ' here. Looking bullish!\n\n', {'type': 'link', 'text': 'https://www.binance.com/en/trade/LEND_BTC'}]",,,,,
2019-06-17T10:29:37,"['Buying some ', {'type': 'cashtag', 'text': '$CELR'}, ' here. Binance IEOs would have some recover here']",,,,,
2019-06-17T15:14:43,"['📣Official ', {'type': 'bold', 'text': 'Wolf Pump Signal'}, ' Announcement:\n\nBTC is making a rally recently and there are many altcoins such as dumped alots of.  As always this is good news because this implies recovery of investor confidence in altcoins. Everything is in our favor for a great pump with market conditions currently. Let wake up altcoin market today!\n\nOur last one result\n\n', {'type': 'cashtag', 'text': '$WPR'}, ' = 70%\n\nThe details are below;\nDate: ', {'type': 'phone', 'text': '17-06-2019'}, '\nTime: 15:00 GMT\nExchange: Binance']",,,,,
2019-06-17T16:51:03,10 mins left!,,,,,
2019-06-17T16:58:17,"2 mins left! 

Next post will be coin name!",,,,,
2019-06-18T18:31:22,"['Buying some ', {'type': 'cashtag', 'text': '$REQ'}, ' at 260 sats. Looking for a recovery to 300 sats.']",,,,,
2019-06-21T11:04:32,"['Bear market has been making rounds and we have decided to drop in some help to you guys. Here is a freebie channel with no premium 🎯\n\n- predictions\n- free entries\n- news articles\n\nand everything else about crypto in one place ⬇️\n\n', {'type': 'link', 'text': 'https://t.me/joinchat/AAAAAFJutN9FLpdiVF3z9Q'}, '\n\n—']",,,,,
2019-06-21T18:34:56,"[{'type': 'bold', 'text': 'RCN/BTC'}, ' \n\nBUY : 0.00000378 - 385\n\nSELL : 0.00000410- 496 - 565 - 635 \n\nStop-loss : 0.00000340\n\nIt still looking strong in the red market. Expecting much more room to go']",,,,,
2019-06-22T17:24:34,"['Buying ', {'type': 'cashtag', 'text': '$PIVX'}, ' here. It seems follow ', {'type': 'cashtag', 'text': '$SYS'}]",,,,,
2019-06-23T10:16:33,We will give you an huge signal in 14 mins. Stay tuned!,,,,,
2019-06-23T10:31:39,"['Buy CND now \n\n', {'type': 'link', 'text': 'https://www.binance.com/en/trade/CND_BTC'}]",,,,,
2019-06-23T10:33:59,"[{'type': 'hashtag', 'text': '#CND'}, '  rumor Next binance chain coin expected pump 70% to 80%']",,,,,
2019-06-24T15:11:46,"['Buying some ', {'type': 'cashtag', 'text': '$MTL'}, ' as volume spiking up']",,,,,
2019-06-24T19:10:30,"['Buying ', {'type': 'cashtag', 'text': '$APPC'}, ' here again. Alot of volumes are in \n\n', {'type': 'link', 'text': 'https://www.binance.com/en/trade/APPC_BTC'}]",,,,,
2019-06-25T08:44:42,"['Buy ', {'type': 'cashtag', 'text': '$CPT'}, ' now. LAMDA almost x4 CPT will follows']",,,,,
2019-06-25T14:46:55,Buy some KEY at 31 sats,,,,,
2019-06-26T12:23:58,"['We will give you an huge signal at 11 GMT. \n\nReady to buy the dips while alts market going to rally. \n\n', {'type': 'hashtag', 'text': '#Binance'}]",,,,,
2019-06-26T13:00:41,Buy DATA now,,,,,
2019-06-26T13:01:25,DATA will pump like DLT,,,,,
2019-06-26T16:48:50,New signal in 12 mins 👌,,,,,
2019-06-30T20:24:06,"['Buy FUN now. It will follow ', {'type': 'cashtag', 'text': '$POE'}, ' & ', {'type': 'cashtag', 'text': '$TNB'}, '\n\n', {'type': 'link', 'text': 'https://www.binance.com/en/trade/FUN_BTC'}]",,,,,
2019-07-01T08:28:58,"[{'type': 'bold', 'text': 'POE/BTC'}, ' (Binance) \n\nBUY : 0.00000053 - 54\n\nSELL : 0.00000059 - 65 - 75 - 79 - 83\n\nStop-loss : 0.0000047']",,,,,
2019-07-01T21:16:02,Buy STORM now. Low sats are pumping!,,,,,
2019-07-02T21:11:49,"[{'type': 'bold', 'text': 'LEND/BTC'}, ' (Binance) \n\nBUY : 0.00000072 - 73\n\nSELL : 0.0000071 - 90 - 100\n\nStop-loss : 0.00000062']",,,,,
2019-07-03T21:28:01,Buy SNGLS now,,,,,
2019-07-05T11:09:42,"['Buy CMCT now \n\n', {'type': 'link', 'text': 'https://international.bittrex.com/Market/Index?MarketName=BTC-CMCT'}]",,,,,
2019-07-10T10:30:53,"[""You don't need an "", {'type': 'bold', 'text': 'alt season'}, "" to trade efficiently, our latest trades prove it. Don't miss the moonshots. Make solid profit with "", {'type': 'bold', 'text': 'Crypto Flipper'}, '. Free channel without premium group!\n\n', {'type': 'bold', 'text': 'Join for free 💚\n\n'}, {'type': 'link', 'text': 'https://t.me/joinchat/AAAAAFJutN9FLpdiVF3z9Q'}, '']",,,,,
2019-07-11T14:30:13,"[""You don't need an "", {'type': 'bold', 'text': 'alt season'}, "" to trade efficiently, our latest trades prove it. Don't miss the moonshots. Make solid profit with "", {'type': 'bold', 'text': 'Crypto Flipper'}, '. Free channel without premium group!\n\n', {'type': 'bold', 'text': 'Join for free 💚\n\n'}, {'type': 'link', 'text': 'https://t.me/joinchat/AAAAAFJutN9FLpdiVF3z9Q'}, '']",,,,,
2019-07-22T19:42:01,"['Bull market has been making rounds and we have decided to drop in some help to you guys. Freebie channel with ', {'type': 'bold', 'text': 'no premium'}, ' 🎯\n\n🔵 Predictions\n🔵 Free entries\n🔵 News articles\n\nAnd everything else about crypto in one place. Join for free \n\n', {'type': 'link', 'text': 'https://t.me/joinchat/AAAAAFJutN9FLpdiVF3z9Q'}, '\n\n—\n', {'type': 'hashtag', 'text': '#sponsored'}, '']",,,,,
2019-07-31T19:05:32,"[{'type': 'bold', 'text': 'MTL/BTC'}, ' \n\nBUY : 0.0000402 - 405\n\nSELL : 0.000435 - 475 - 500 - 556 - 663 - 723\n\nStop-loss : 0.0000360']",,,,,
2019-08-11T13:11:53,"[""Be a TRADER not a HODLER. \n\nYou don't need an "", {'type': 'bold', 'text': 'alt season '}, 'to trade efficiently, our latest trades prove it! \n\n🎯 ', {'type': 'bold', 'text': 'Join for free'}, ' 🎯\n\n', {'type': 'link', 'text': 'https://t.me/joinchat/AAAAAFJutN9FLpdiVF3z9Q'}, '\n\n\n— \n', {'type': 'hashtag', 'text': '#ad'}, '']",,,,,photos/photo_68@11-08-2019_14-11-53.jpg
2019-08-15T11:55:37,Buy CMCT now,,,,,
2019-09-11T12:08:32,"[{'type': 'link', 'text': 'https://t.me/joinchat/AAAAAFJutN9FLpdiVF3z9Q'}]",,,,,
2019-09-21T19:03:26,"['JOIN 1 ', {'type': 'cashtag', 'text': '$ETH'}, ' GIVEAWAY 🎁\n\nHOW TO: \n\n1. Subscribe to the ', {'type': 'mention', 'text': '@TheBull_Crypto'}, '\n2. Check the pinned message\n3. ', {'type': 'bold', 'text': 'PRESS PARITICIPATE '}, '⏬\n\nThe winner will be announced randomly using ', {'type': 'mention', 'text': '@randymbot'}, {'type': 'bold', 'text': ' in 3 days!\n\nPRESS PARITICIPATE BELOW'}, ' ⬇️']",,,,,photos/photo_69@21-09-2019_20-03-26.jpg
2019-10-14T12:30:32,"['🎁 ', {'type': 'bold', 'text': 'THE BULL'}, ' ', {'type': 'hashtag', 'text': '#ETH'}, ' ', {'type': 'bold', 'text': 'GIVEAWAY'}, ' 🎁\n\nJOIN 1 ', {'type': 'cashtag', 'text': '$ETH'}, ' GIVEAWAY!\n\nHOW TO: \n\n1. Subscribe to the ', {'type': 'mention', 'text': '@TheBull_Crypto'}, '\n2. Check the pinned message\n3. PRESS PARITICIPATE ⏬\n\nThe winner will be announced randomly using ', {'type': 'mention', 'text': '@randymbot'}, ' in 3 days!\n\nPRESS PARITICIPATE BELOW ⬇️']",,,,,photos/photo_70@14-10-2019_13-30-32.jpg
2019-10-26T18:49:44,"['Buying ', {'type': 'cashtag', 'text': '$WPR'}, ' here. Stop loss point on a close below the blue block']",,,,,photos/photo_71@26-10-2019_19-49-44.jpg
2019-10-27T20:40:19,"['We’ve opened our ', {'type': 'bold', 'text': 'Exclusive Group'}, ' for early signals access. \n\nAnd our ', {'type': 'bold', 'text': 'Exclusive Group'}, ' has made 193% just in 4 days!\n\nBe on top of the market get our signals before everyone else. For more details & how to JOIN ⬇️\n\n', {'type': 'link', 'text': 'https://docs.google.com/forms/d/e/1FAIpQLScTwBsDAcBQP3CwSIDmOycd1jYHMS9bynLE2MzfVaRMFt-srQ/viewform'}, '']",,,,,photos/photo_72@27-10-2019_21-40-19.jpg
2019-10-28T10:21:59,"['Buying ', {'type': 'cashtag', 'text': '$ELF'}, ' here']",,,,,photos/photo_73@28-10-2019_11-21-59.jpg
2019-10-29T10:29:16,"['- Entries for medium to long term holds 🎯\n- Market analysis & scalping calls 📈\n- Transparent spreadsheet 📃\n- Latest market news 📰\n\nJoin one of the most profitable channels on Telegram ', {'type': 'link', 'text': 'https://t.me/thebull_crypto'}, '']",,,,,
2019-10-29T22:35:41,"['We’ve opened our ', {'type': 'bold', 'text': 'Exclusive Group'}, ' for early signals access\n\nAnd just in 6 days our ', {'type': 'bold', 'text': 'Exclusive Group'}, ' has made whopping  ', {'type': 'bold', 'text': '215%'}, ' 📈\n\nBe on top of the market get our signals before everyone else. For more details & how to JOIN ⬇️\n\n', {'type': 'link', 'text': 'https://docs.google.com/forms/d/e/1FAIpQLScTwBsDAcBQP3CwSIDmOycd1jYHMS9bynLE2MzfVaRMFt-srQ/viewform'}, '']",,,,,photos/photo_74@29-10-2019_23-35-41.jpg
2019-10-30T21:01:19,"['🎃 ', {'type': 'code', 'text': 'Halloween special SALE TODAY!'}, ' 🎃\n\nFor the next 48h enjoy ', {'type': 'bold', 'text': 'up to 50% off'}, ' discount\n\n For more details & how to ', {'type': 'bold', 'text': 'JOIN'}, ' ⬇️\n\n', {'type': 'link', 'text': 'https://docs.google.com/forms/d/e/1FAIpQLScTwBsDAcBQP3CwSIDmOycd1jYHMS9bynLE2MzfVaRMFt-srQ/viewform'}, '']",,,,,photos/photo_75@30-10-2019_22-01-19.jpg
2019-10-31T20:41:21,"['Buying ', {'type': 'cashtag', 'text': '$LOOM'}, ' on this break out. Potential Eve & Adam double bottom as well']",,,,,photos/photo_76@31-10-2019_21-41-21.jpg
2019-10-31T23:20:48,"[""The sale off will be end in 24 hours\n\n Let's enjoy "", {'type': 'bold', 'text': 'up to 50% off'}, ' discount\n\n For more details & how to ', {'type': 'bold', 'text': 'JOIN'}, ' ⬇️\n\n', {'type': 'link', 'text': 'https://docs.google.com/forms/d/e/1FAIpQLScTwBsDAcBQP3CwSIDmOycd1jYHMS9bynLE2MzfVaRMFt-srQ/viewform'}, '']",,,,,photos/photo_77@01-11-2019_00-20-48.jpg
2019-11-01T22:40:15,"These wicks as commented...It makes me a bit bearish on Bitcoin right now. In other words, decisive break of $9,000 would be an evidence that daily support has failed and we will fill the 8,800 CME gap (Anyway, I'd be comfortable for a break over through the test level and 100MA then reclaims 9,800)

Given the intraday price action, I'm probably going to wait for a decisive daily close below 9,000 or above 9,800 before before considering such a setup as opposed to taking only intraday opportuinities",,,,,photos/photo_78@01-11-2019_23-40-15.jpg
2019-11-03T10:30:18,"['Accumulating some ', {'type': 'cashtag', 'text': '$HBAR'}, ' here after the falling wedge breakout. Possible double bottom as well\n\nThe 20/10 EMA cross has proven to be a good trade to take with ', {'type': 'cashtag', 'text': '$HBAR'}, '. Really good R/R here']",,,,,photos/photo_79@03-11-2019_11-30-18.jpg
2019-11-05T12:35:47,"['Buying some ', {'type': 'cashtag', 'text': '$BAND'}, "" here again. I'm expecting it would tend follow the IEOs trending""]",,,,,photos/photo_80@05-11-2019_13-35-47.jpg
2019-11-07T11:07:05,"['We’ve opened our ', {'type': 'bold', 'text': 'Exclusive Group'}, ' for early signals access\n\nAnd our ', {'type': 'bold', 'text': 'Exclusive Group'}, ' has made whopping ', {'type': 'bold', 'text': '382%'}, ' profits since we starting in 23 October\n\nBe on top of the market get our signals before everyone else. For more details & how to JOIN ⬇️\n\n', {'type': 'link', 'text': 'https://docs.google.com/forms/d/e/1FAIpQLScTwBsDAcBQP3CwSIDmOycd1jYHMS9bynLE2MzfVaRMFt-srQ/viewform'}, '']",,,,,photos/photo_81@07-11-2019_12-07-05.jpg
2019-11-08T15:07:17,"['Buying ', {'type': 'cashtag', 'text': '$INS'}, ' at the trendline support. Will adding more if we get a flip of the OB']",,,,,photos/photo_82@08-11-2019_16-07-17.jpg
2019-11-08T17:22:08,"['🎁 ', {'type': 'bold', 'text': 'THE BULL'}, ' ', {'type': 'hashtag', 'text': '#ETH'}, ' ', {'type': 'bold', 'text': 'GIVEAWAY'}, ' 🎁\n\nJOIN 1 ', {'type': 'cashtag', 'text': '$ETH'}, ' GIVEAWAY!\n\nHOW TO: \n\n1. Subscribe to the ', {'type': 'mention', 'text': '@TheBull_Crypto'}, '\n2. Check the pinned message\n3. PRESS PARITICIPATE ⏬\n\nThe winner will be announced randomly using ', {'type': 'mention', 'text': '@randymbot'}, ' in 3 days!\n\nPRESS PARITICIPATE BELOW ⬇️']",,,,,photos/photo_83@08-11-2019_18-22-08.jpg
2019-11-10T15:35:52,"[{'type': 'bold', 'text': 'The AUTO-FOLLOW feature is now LIVE!\n\n'}, 'The most requested feature is finally here. Never miss a signal again using ', {'type': 'link', 'text': 'Cornix.io'}, '\n\nUsing this bot ', {'type': 'bold', 'text': 'EXLUSIVE'}, ' members will be able to ', {'type': 'bold', 'text': 'AUTO'}, ' follow signals', {'type': 'text_link', 'text': '.\n\n', 'href': 'http://images.vfl.ru/ii/1573392114/49fc4315/28510994.jpg'}, 'To mark this occasion we give ', {'type': 'bold', 'text': '30% DISCOUNT'}, ' for the next 48h\n\nOn how to join ', {'type': 'bold', 'text': 'EXLUSIVE'}, ' ', {'type': 'bold', 'text': 'GROUP'}, ' & more details here:\n\n', {'type': 'link', 'text': 'https://docs.google.com/forms/d/e/1FAIpQLScTwBsDAcBQP3CwSIDmOycd1jYHMS9bynLE2MzfVaRMFt-srQ/viewform'}]",,,,,
2019-11-11T16:06:17,Buying SNGLS on this break out,,,,,photos/photo_84@11-11-2019_17-06-17.jpg
2019-11-11T21:33:10,"[{'type': 'bold', 'text': '24 hours'}, ' left for ', {'type': 'bold', 'text': '30% DISCOUNT'}, '!\n\nUsing this bot ', {'type': 'bold', 'text': 'EXLUSIVE'}, ' members will be able to ', {'type': 'bold', 'text': 'AUTO'}, ' follow signals', {'type': 'text_link', 'text': '.\n\n', 'href': 'http://images.vfl.ru/ii/1573392114/49fc4315/28510994.jpg'}, 'On how to join ', {'type': 'bold', 'text': 'EXLUSIVE'}, ' ', {'type': 'bold', 'text': 'GROUP'}, ' & more details here:\n\n', {'type': 'link', 'text': 'https://docs.google.com/forms/d/e/1FAIpQLScTwBsDAcBQP3CwSIDmOycd1jYHMS9bynLE2MzfVaRMFt-srQ/viewform'}]",,,,,
2019-11-12T18:33:22,"[""Only 4 hours left!\n\nDon't miss your chance to join "", {'type': 'bold', 'text': 'EXLUSIVE'}, ' ', {'type': 'bold', 'text': 'GROUP'}, ' with ', {'type': 'bold', 'text': '30% DISCOUNT'}, '!\n\nOn how to join ', {'type': 'bold', 'text': 'EXLUSIVE'}, ' ', {'type': 'bold', 'text': 'GROUP'}, ' & more details here:\n\n', {'type': 'link', 'text': 'https://docs.google.com/forms/d/e/1FAIpQLScTwBsDAcBQP3CwSIDmOycd1jYHMS9bynLE2MzfVaRMFt-srQ/viewform'}]",,,,,
2019-11-13T16:59:42,"['The biggest crypto trading competition the world has ever seen: The BTC ', {'type': 'text_link', 'text': 'Bybit', 'href': 'https://www.bybit.com/app/register?affiliate_id=2096&language=en&group_id=0&group_type=1'}, ' Brawl! \n\n🏆Up to a 100 BTC prize pool\n🚩Get 20% OFF in taker fees \n💰Bag a bonus of up to $50\n💪Duel with traders from around the world\n\n⏳', {'type': 'bold', 'text': 'Registrations open November 18th!\n\n'}, 'To join ', {'type': 'bold', 'text': 'The Bull'}, ' team sign up with ', {'type': 'text_link', 'text': 'thebull.bybit', 'href': 'https://www.bybit.com/app/register?affiliate_id=2096&language=en&group_id=0&group_type=1'}, '']",,,,,
2019-11-14T19:13:07,"['Only in ', {'type': 'bold', 'text': 'The Bull Exclusive'}, ' - We earned +31% on ', {'type': 'bold', 'text': 'VIB'}, ' today!\n\n', {'type': 'bold', 'text': '3 simple reasons to join our'}, ' ', {'type': 'code', 'text': 'The Bull Exclusive\n\n'}, '1) Transparency', {'type': 'bold', 'text': ' '}, '- every trade can be found in your channel, no deleted calls, no bullshit!\n\n2) Consistency - you can see we made profits every single week!\n\n3) Efficiency -  we trade in any market bull or bear! \n\n', {'type': 'bold', 'text': 'Join our exclusive group and be ahead of the market!\n\n'}, 'If you have any questions don’t hesitate to ask ', {'type': 'mention', 'text': '@thebullowner'}, '\n\nMore details can be found here ⬇️ - \n\n', {'type': 'link', 'text': 'https://docs.google.com/forms/d/e/1FAIpQLScTwBsDAcBQP3CwSIDmOycd1jYHMS9bynLE2MzfVaRMFt-srQ/viewform'}, '']",,,,,photos/photo_85@14-11-2019_20-13-07.jpg
2019-11-14T22:11:47,"['Buy some ', {'type': 'bold', 'text': 'BQX'}, ' here, under 460 sats.']",,,,,
2019-11-16T03:27:34,"ANKR/BTC (D) -  Long Recommend

ENTRY 1 : 26 - 25 
ENTRY 2 : 21 - 20

TARGETS : 31 - 35 - 38 - 44 - 51 

STOP LOSS : 18",,,,,photos/photo_86@16-11-2019_04-27-34.jpg
2019-11-17T06:21:17,Buying QSP on this break out,,,,,photos/photo_87@17-11-2019_07-21-17.jpg
2019-11-18T12:18:55,"['Buying more ', {'type': 'cashtag', 'text': '$QSP'}, "" here. Look really optimistic after 'Symmetrical triangle' breakout""]",,,,,photos/photo_88@18-11-2019_13-18-55.jpg
2019-11-20T11:44:23,"['We’ve opened our ', {'type': 'bold', 'text': 'Exclusive Group'}, ' for early signals access\n\nAnd our ', {'type': 'bold', 'text': 'Exclusive Group'}, ' has made whopping ', {'type': 'bold', 'text': '641%'}, ' in one month — Check ', {'type': 'text_link', 'text': 'Exclusive Results', 'href': 'https://docs.google.com/spreadsheets/d/11atorRCD2nVEbdNdNhRAGHROvhtvfIh9MS5_YrN84l8/edit#gid=0'}, ' yourself!\n\nBe on top of the market get our signals before everyone else. For more details & how to JOIN ⬇️\n\n', {'type': 'link', 'text': 'https://docs.google.com/forms/d/e/1FAIpQLScTwBsDAcBQP3CwSIDmOycd1jYHMS9bynLE2MzfVaRMFt-srQ/viewform'}, '']",,,,,photos/photo_89@20-11-2019_12-44-23.jpg
2019-11-23T18:58:59,"['We’ve opened our ', {'type': 'bold', 'text': 'Exclusive Group'}, ' for early signals access\n\nAnd our ', {'type': 'bold', 'text': 'Exclusive Group'}, ' has made whopping ', {'type': 'bold', 'text': '641%'}, ' in one month — Check ', {'type': 'text_link', 'text': 'Exclusive Results', 'href': 'https://docs.google.com/spreadsheets/d/11atorRCD2nVEbdNdNhRAGHROvhtvfIh9MS5_YrN84l8/edit#gid=0'}, ' yourself!\n\nBe on top of the market get our signals before everyone else. For more details & how to JOIN ⬇️\n\n', {'type': 'link', 'text': 'https://docs.google.com/forms/d/e/1FAIpQLScTwBsDAcBQP3CwSIDmOycd1jYHMS9bynLE2MzfVaRMFt-srQ/viewform'}, '']",,,,,photos/photo_89@20-11-2019_12-44-23.jpg
2019-11-25T10:27:23,"['Join now\n\n', {'type': 'link', 'text': 'https://t.me/cryptobullet'}]",,,,,
2019-11-25T12:03:45,Most of low sats coins are pumping. QSP looks really promising here after breakout,,,,,photos/photo_91@25-11-2019_13-03-45.jpg
2019-11-25T17:33:04,"We will give you a huge signal which should be follows DATA. Stay tuned!

30 mins left!",,,,,
2019-11-25T17:55:58,5 mins left. Don't forget to log in Binance,,,,,
2019-11-25T18:00:39,"['Coin name — ', {'type': 'bold', 'text': 'QSP'}, ' \n\nBuy QSP. It will pump at least 100% from here']",,,,,
2019-11-25T18:02:34,"[{'type': 'bold', 'text': 'QSP'}, ' is now has the same price with ', {'type': 'bold', 'text': 'DATA'}, "" before explosion. Don't miss the cheap coin!\n\n"", {'type': 'bold', 'text': 'BUY'}, ' — ', {'type': 'link', 'text': 'https://www.binance.com/vn/trade/QSP_BTC'}, '']",,,,,
2019-11-26T04:32:37,"DNT/BTC 

ENTRY 82 - 83

TARGETS 91 - 95 - 103 - 113 

STOP LOSS 67",,,,,
2019-11-26T11:08:47,"['Buying ', {'type': 'cashtag', 'text': '$VIA'}, ' here']",,,,,photos/photo_92@26-11-2019_12-08-47.jpg
2019-11-27T16:52:32,"['Buying ', {'type': 'cashtag', 'text': '$CVC'}, ' here']",,,,,photos/photo_93@27-11-2019_17-52-32.jpg
2019-11-28T14:48:52,"['Buying ', {'type': 'cashtag', 'text': '$CELR'}, ' here']",,,,,photos/photo_94@28-11-2019_15-48-52.jpg
2019-11-29T09:34:06,"[{'type': 'bold', 'text': 'Black Friday The Bull Exclusive!\n\nUP TO 60% OFF our'}, ' ', {'type': 'bold', 'text': 'Exclusive memberships\n\n'}, '— visit ', {'type': 'link', 'text': 'thebullcrypto.com'}, ' ', {'type': 'bold', 'text': 'to JOIN THE CLUB'}, '']",,,,,photos/photo_95@29-11-2019_10-34-06.jpg
2019-11-30T08:32:36,,,,,,
2019-12-02T09:27:23,"['We have published a ', {'type': 'bold', 'text': 'BTC'}, ' SHORT in the ', {'type': 'bold', 'text': 'Exclusive'}, ' channel & we earned!\n\n10 hourse left to get', {'type': 'bold', 'text': ' 60%'}, ' ', {'type': 'bold', 'text': 'OFF'}, ' for Lifetime Subscription \n\n— For more details visit ', {'type': 'link', 'text': 'https://www.thebullcrypto.com/'}, '']",,,,,photos/photo_96@02-12-2019_10-27-23.jpg
2019-12-09T09:16:22,"['You can join ', {'type': 'bold', 'text': 'The Bull Exclusive'}, ' with all premium features for signals, entries, exits, leverage trades, charts, articles, explanations, lessons....etc here:\n\n', {'type': 'link', 'text': 'https://forms.gle/2jFBBpjnJL6FMFwB8'}, '\n\n', {'type': 'mention', 'text': '@thebullcrypto'}, ' — ', {'type': 'link', 'text': 'thebullcrypto.com'}, '']",,,,,
2019-12-13T09:47:06,"[{'type': 'bold', 'text': 'THETA'}, "" breakout confirmed. Daily closed above triple EMA and crossovers Cloud resistance which are very bullish sign. I'm buying more here""]",,,,,photos/photo_97@13-12-2019_10-47-06.jpg
2019-12-13T19:59:45,"['Buying ', {'type': 'bold', 'text': 'DOCK'}, ' here on this break out']",,,,,photos/photo_98@13-12-2019_20-59-45.jpg
2019-12-20T10:52:52,"[{'type': 'bold', 'text': 'FLASH 100$'}, ' ', {'type': 'bold', 'text': 'GIVEAWAY! \n\nRETWEET'}, ' ', {'type': 'bold', 'text': '+ TAG 3 friends'}, ' \n\nWinner announced in 24h, must follow so I can DM you\n\n', {'type': 'link', 'text': 'https://twitter.com/thebullcrypto/status/1207705235805724673'}]",,,,,
2020-01-18T10:19:08,"['Join a free channel without premium group \n\n📈 Market analysis & recaps\n🎯 Educational content\n📰 Latest altcoin news \n✅ Join for free \n\n', {'type': 'link', 'text': 'https://t.me/joinchat/AAAAAE1ZdpmiF-SU-32bNQ'}, '']",,,,,photos/photo_99@18-01-2020_11-19-08.jpg
2020-01-21T19:06:33,,,,,,
2020-01-23T12:34:36,"['Was: ', {'type': 'bold', 'text': '1.00'}, ' BTC\nBecame: ', {'type': 'bold', 'text': '5.83'}, ' BTC\nAs earned? - Followed the signals of this channel\n\n', {'type': 'link', 'text': 'https://t.me/joinchat/AAAAAE0Pbpm626acHqfCrg'}, '\n\nJoin bitmax channel 👆👆👆\n\nThey have the best information on the channel ☺️\n—\n', {'type': 'hashtag', 'text': '#Sponsored'}, '']",,,,,photos/photo_100@23-01-2020_13-34-36.jpg
2020-02-13T22:38:34,"[{'type': 'link', 'text': 'https://t.me/joinchat/AAAAAE1ZdpmiF-SU-32bNQ'}]",,,,,
2020-07-22T10:10:50,"['👍Awesome channel we recomend you join: ', {'type': 'link', 'text': 'https://t.me/joinchat/AAAAAEw7ezkharCZMCcchQ'}, '']",,,,,
2020-07-22T20:35:41,Do you want get 100% profit in just two week?,,,,,
2021-09-12T03:11:09,"[""New channel of Elon Musk and Binance Whales just opened. Especially it's free! \n\nJOIN\n\n"", {'type': 'link', 'text': 'https://t.me/joinchat/AhnqclSXKYIwZDk1'}]",,,,,
